#,Name,Team,wFB,wSL,wCT,wCB,wCH,wSF,wKN,wFB/C,wSL/C,wCT/C,wCB/C,wCH/C,wSF/C,wKN/C
1,Jesse Winker,CIN,15.2,0.7,0.1,-1.4,0.0,0.6,0,5.38,1.10,0.72,-2.85,-0.07,8.97,0
2,Mike Trout,LAA,11.1,3.8,1.2,0.2,1.9,-0.5,0,3.52,3.00,3.03,0.66,5.94,-12.25,0
3,Vladimir Guerrero Jr.,TOR,10.8,3.0,0.6,2.6,-1.0,0.0,0,3.83,2.49,1.36,4.60,-1.71,-1.60,0
4,Nick Solak,TEX,10.1,-1.4,-2.2,-0.7,-0.3,-0.1,0,3.49,-1.07,-4.34,-0.97,-0.43,-0.86,0
5,Giancarlo Stanton,NYY,9.2,0.0,0.5,-0.9,-1.7,0.0,0,3.26,-0.02,0.76,-2.24,-3.28,-0.39,0
6,Ronald Acuna Jr.,ATL,8.9,3.3,2.7,-0.2,1.3,0.0,0,2.58,4.46,9.20,-0.81,1.73,-0.26,0
7,Byron Buxton,MIN,8.6,1.7,3.7,1.7,-0.9,0.0,0,5.87,1.86,19.49,8.33,-2.29,-0.91,0
8,Shohei Ohtani,LAA,8.4,3.1,-1.3,-0.1,1.4,0.1,0,3.77,2.69,-6.92,-0.17,1.47,1.04,0
9,Carson Kelly,ARI,8.0,3.9,0.0,1.5,-0.3,0,0,3.56,3.35,-0.04,5.55,-0.57,0,0
10,Evan Longoria,SFG,8.0,-2.0,0.4,-1.7,-0.6,-0.2,0,3.62,-1.54,1.46,-4.37,-1.49,-7.27,0
11,Yuli Gurriel,HOU,8.0,1.4,1.0,-0.5,3.5,-0.7,0,2.91,1.13,2.44,-1.37,4.37,-4.79,0
12,Mark Canha,OAK,7.8,-0.2,0.2,-1.8,0.3,0.6,0,2.23,-0.13,0.37,-3.00,0.52,4.60,0
13,Mike Yastrzemski,SFG,7.7,-2.9,0.0,0.4,-1.3,-0.4,0,3.47,-2.80,-0.09,0.78,-3.04,-5.95,0
14,J.T. Realmuto,PHI,7.7,1.5,0.5,0.7,0.7,0.8,0,3.25,1.24,1.33,2.28,1.63,6.55,0
15,Avisail Garcia,MIL,7.7,-2.5,-0.5,-1.9,1.0,0,0,3.45,-2.01,-1.98,-7.20,2.73,0,0
16,Yermin Mercedes,CHW,7.6,0.7,1.7,-0.3,3.4,-0.2,0,4.00,0.69,5.43,-0.44,9.35,-4.09,0
17,Chris Taylor,LAD,7.6,3.4,-1.9,1.8,-0.1,0.1,0,2.65,2.57,-5.18,3.52,-0.26,6.17,0
18,Marcus Semien,TOR,7.3,-3.3,-0.5,-1.1,2.1,0.5,0,2.28,-2.14,-1.25,-2.12,3.16,4.98,0
19,Nick Castellanos,CIN,7.1,2.2,1.7,-2.2,2.0,-0.2,0,3.48,1.80,8.05,-5.06,2.86,-1.48,0
20,Omar Narvaez,MIL,7.0,-1.6,-0.6,1.4,0.8,-0.3,0,5.43,-3.32,-2.69,2.95,2.77,-6.41,0
21,C.J. Cron,COL,6.6,0.0,0.1,3.2,-1.7,0,0,2.94,0.06,0.36,7.75,-2.91,0,0
22,Michael Brantley,HOU,6.5,3.0,-0.7,-1.7,-0.8,-0.5,0,2.25,3.57,-3.31,-3.77,-1.25,-3.68,0
23,Bryan Reynolds,PIT,6.5,1.1,1.9,-2.2,-0.6,1.4,0,2.52,1.13,5.18,-4.01,-0.70,6.21,0
24,Xander Bogaerts,BOS,6.0,2.1,2.1,1.8,0.9,-0.2,0,2.06,1.84,4.29,2.69,1.43,-4.69,0
25,Kris Bryant,CHC,6.0,3.5,0.9,1.2,2.6,0.0,0,2.24,2.32,2.68,2.94,4.76,3.39,0
26,Willie Calhoun,TEX,6.0,-2.8,0.0,-1.0,1.1,0.0,0,4.08,-4.30,0.01,-3.95,2.48,-0.37,0
27,Asdrubal Cabrera,ARI,5.9,2.3,-1.5,0.1,1.5,0.4,0,2.43,2.35,-4.05,0.24,2.61,6.23,0
28,Mitch Haniger,SEA,5.8,0.2,0.9,1.4,-0.3,-0.6,0,1.83,0.13,2.14,2.37,-0.51,-6.05,0
29,Miguel Rojas,MIA,5.7,-0.6,0.4,-0.1,0.5,-0.2,0,2.15,-0.60,1.49,-0.16,1.10,-24.64,0
30,Pablo Sandoval,ATL,5.7,-0.3,-1.1,0.8,0.0,-0.3,0,6.10,-2.37,-7.94,4.14,-0.01,-2.69,0
31,Austin Hays,BAL,5.5,-1.1,-0.6,-1.4,0.7,0.5,0,3.57,-1.61,-1.66,-4.83,1.27,5.97,0
32,Alex Verdugo,BOS,5.4,-0.1,2.8,1.1,-3.1,-0.2,0,1.88,-0.16,7.02,2.45,-2.72,-19.97,0
33,Randy Arozarena,TBR,5.4,-0.3,-2.7,-0.7,-0.5,-0.4,0,2.16,-0.22,-5.95,-0.96,-0.50,-9.18,0
34,Robbie Grossman,DET,5.4,-1.1,0.2,1.0,0.2,-1.1,0,1.52,-1.86,0.34,1.16,0.26,-7.64,0
35,Joey Votto,CIN,5.4,-2.7,1.7,0.3,-2.3,0.1,0,2.17,-4.00,7.26,0.78,-3.22,2.76,0
36,Josh Rojas,ARI,5.3,3.6,-1.1,0.1,-0.3,-0.2,0,2.53,4.56,-3.93,0.28,-0.42,-2.82,0
37,Bryce Harper,PHI,5.3,-0.1,1.8,-1.1,4.8,0.5,0,2.47,-0.11,6.22,-2.30,6.82,5.52,0
38,Fernando Tatis Jr.,SDP,5.2,0.4,1.7,-1.1,0.0,-0.3,0,2.70,0.34,6.44,-4.22,-0.07,-2.51,0
39,Zach McKinstry,LAD,5.1,-1.8,-0.2,0.0,-0.3,0.3,0,3.95,-3.88,-0.88,-0.07,-1.88,7.79,0
40,Jared Walsh,LAA,5.1,1.1,1.3,1.5,3.6,0.0,0,2.18,0.96,4.46,1.74,4.64,-0.80,0
41,Jose Altuve,HOU,5.0,0.3,0.0,-0.3,-3.1,-0.2,0,2.54,0.28,-0.05,-0.76,-5.50,-6.24,0
42,Buster Posey,SFG,4.9,3.1,2.4,-0.5,1.2,0.3,0,2.85,3.89,8.89,-1.92,3.06,5.72,0
43,Dylan Carlson,STL,4.9,2.8,0.4,-2.7,0.8,0.4,0,1.64,3.12,1.30,-4.02,0.69,2.36,0
44,Dom Nunez,COL,4.8,-3.1,-0.9,0.9,-0.1,-0.1,0,3.72,-5.26,-2.95,2.05,-0.08,-1.39,0
45,Max Muncy,LAD,4.8,2.1,1.7,-0.1,0.9,-0.1,0,1.79,1.73,3.72,-0.12,0.88,-0.92,0
46,Carlos Correa,HOU,4.8,-1.8,-0.2,1.3,-2.8,-0.2,0,1.81,-1.79,-0.44,2.02,-3.69,-0.98,0
47,Carlos Santana,KCR,4.8,2.1,-0.1,3.2,-1.1,0.3,0,1.83,3.47,-0.20,4.04,-0.85,1.65,0
48,Mookie Betts,LAD,4.7,0.5,1.3,-1.1,0.5,1.2,0,1.58,0.41,3.35,-2.01,0.89,12.05,0
49,Jason Heyward,CHC,4.7,-4.6,0.3,-0.8,-2.6,-0.4,0,2.27,-5.21,1.15,-2.24,-6.11,-7.22,0
50,Tyrone Taylor,MIL,4.7,-3.0,-0.4,0.3,0.9,-0.2,0,3.77,-5.06,-4.71,1.19,4.91,-4.26,0
51,Kyle Higashioka,NYY,4.7,-2.2,0.9,-1.3,0.8,0,0,5.82,-3.86,2.54,-3.68,5.84,0,0
52,Alex Kirilloff,MIN,4.6,-1.2,-0.4,-1.4,-0.8,0.0,0,7.95,-4.41,-2.08,-8.07,-2.67,0.36,0
53,Chris Owings,COL,4.5,1.6,-0.4,0.7,-0.3,0,0,14.21,8.30,-5.07,13.82,-15.76,0,0
54,Guillermo Heredia,ATL,4.4,0.0,1.2,-0.5,-0.2,0.1,0,3.82,0.02,7.93,-1.60,-1.48,6.24,0
55,Jed Lowrie,OAK,4.4,1.7,-2.0,0.8,-1.1,0.3,0,1.61,2.12,-5.46,1.32,-1.68,4.04,0
56,Dominic Smith,NYM,4.3,-1.4,-1.5,-2.5,-2.9,-0.2,0,2.42,-2.03,-5.10,-6.76,-3.41,-3.57,0
57,Eric Hosmer,SDP,4.1,1.1,0.7,-0.8,2.8,-0.9,0,1.60,1.08,2.62,-1.05,4.06,-5.88,0
58,Nico Hoerner,CHC,4.1,1.2,-0.4,1.2,-0.3,0,0,4.89,3.20,-2.52,5.08,-1.36,0,0
59,Jesus Aguilar,MIA,4.0,7.3,-0.8,0.4,-2.8,-0.4,0,1.58,7.11,-3.16,0.82,-5.15,-9.20,0
60,Pete Alonso,NYM,4.0,0.1,0.6,0.3,0.4,-0.6,0,1.59,0.15,2.05,1.05,0.70,-9.98,0
61,Jarrod Dyson,KCR,4.0,-0.7,-0.2,-0.6,-0.4,0.0,0,8.65,-5.31,-10.50,-7.12,-4.36,3.39,0
62,Joey Gallo,TEX,4.0,0.0,1.6,-1.4,-0.7,-1.1,0,1.34,0.02,4.69,-2.10,-0.80,-5.30,0
63,Corey Seager,LAD,3.9,1.8,-0.7,0.7,-1.0,0.3,0,2.13,1.32,-1.72,1.19,-1.05,3.78,0
64,Ryan Zimmerman,WSN,3.9,-0.1,0.0,-0.2,0.3,-0.1,0,3.06,-0.20,0.30,-0.44,2.55,-3.46,0
65,Kolten Wong,MIL,3.8,0.7,0.4,-1.9,0.7,0.3,0,1.86,1.13,1.42,-4.89,1.16,2.53,0
66,Alex Bregman,HOU,3.8,0.7,-1.9,2.2,1.1,0.0,0,1.77,0.75,-4.00,4.58,1.47,1.40,0
67,Luis Arraez,MIN,3.8,0.9,-2.1,0.2,2.0,-0.7,0,1.36,1.41,-5.13,0.40,3.79,-7.27,0
68,Trea Turner,WSN,3.7,-0.5,1.3,1.6,-0.3,0.5,0,1.33,-0.50,4.26,2.40,-0.44,16.83,0
69,Josh Naylor,CLE,3.7,-3.2,0.3,1.2,-1.1,-0.3,0,2.22,-3.17,1.41,2.90,-2.30,-8.98,0
70,Sean Murphy,OAK,3.7,-2.0,-0.1,-1.0,-1.2,-0.1,0,2.03,-1.70,-0.32,-2.10,-3.79,-2.61,0
71,Jose Ramirez,CLE,3.7,-0.7,0.7,4.2,1.2,-0.4,0,1.40,-0.86,3.21,7.59,0.87,-10.34,0
72,Akil Baddoo,DET,3.7,-1.2,-1.9,1.5,0.3,-0.4,0,1.98,-1.85,-8.46,4.41,0.54,-2.32,0
73,Rhys Hoskins,PHI,3.7,-1.8,2.1,0.2,-1.9,-0.2,0,1.09,-1.17,5.36,0.36,-3.22,-1.81,0
74,Matt Olson,OAK,3.5,2.4,1.3,-1.3,0.3,-1.1,0,1.34,2.37,3.52,-1.79,0.70,-8.74,0
75,J.D. Martinez,BOS,3.5,2.1,-0.2,6.5,0.6,1.4,0,1.25,1.57,-0.56,9.61,1.15,18.07,0
76,Whit Merrifield,KCR,3.4,-3.0,-0.7,0.0,2.2,0.6,0,1.38,-2.25,-2.59,-0.10,4.80,10.61,0
77,Jorge Polanco,MIN,3.4,0.4,1.3,-0.6,1.0,0.2,0,1.43,0.60,3.23,-1.21,1.05,2.05,0
78,Franmil Reyes,CLE,3.4,2.2,-0.3,1.4,-0.9,0.2,0,1.40,1.76,-1.54,2.32,-1.38,3.71,0
79,Brandon Crawford,SFG,3.4,-1.8,1.2,-0.8,0.5,0.2,0,1.79,-2.16,4.71,-2.14,0.65,5.73,0
80,Will Smith,LAD,3.3,-1.9,-2.4,0.2,-0.6,1.8,0,1.44,-1.54,-9.05,0.45,-1.59,45.27,0
81,Jeff McNeil,NYM,3.3,-1.0,-1.6,1.5,-1.6,-0.3,0,1.83,-2.24,-3.76,6.06,-2.28,-8.64,0
82,Brandon Lowe,TBR,3.2,-3.8,2.2,-0.2,-0.7,0.2,0,1.29,-3.98,7.67,-0.41,-0.84,1.83,0
83,Stephen Vogt,ARI,3.2,-1.4,-0.1,0.7,-0.8,-0.4,0,2.56,-2.08,-0.79,6.37,-2.90,-6.76,0
84,Josh Harrison,WSN,3.1,-1.5,-1.3,1.0,1.7,-0.3,0,1.82,-2.06,-5.16,3.60,6.53,-7.03,0
85,Yandy Diaz,TBR,3.1,-0.4,0.0,0.5,-0.3,0.0,0,1.04,-0.40,-0.08,1.26,-0.45,-0.68,0
86,Justin Turner,LAD,3.1,-0.3,-0.9,2.3,6.4,0.0,0,0.94,-0.22,-2.81,5.63,9.46,-0.28,0
87,Enrique Hernandez,BOS,3.1,0.6,-1.2,0.0,-1.5,-0.2,-0.1,1.16,0.72,-3.08,-0.05,-2.08,-8.79,-4.85
88,Kyle Seager,SEA,3.0,0.1,2.2,-2.1,0.8,0.6,0,1.10,0.16,5.82,-3.17,0.89,5.63,0
89,Gio Urshela,NYY,3.0,-1.9,2.6,-2.1,0.3,0.0,0,1.44,-1.98,4.81,-4.71,0.67,-0.32,0
90,Kyle Garlick,MIN,3.0,-1.4,0.1,1.0,-0.7,0.0,0,3.67,-4.05,0.59,14.03,-2.02,-0.55,0
91,Andy Young,ARI,3.0,-0.2,0.3,-0.2,1.5,0,0,10.35,-1.56,4.68,-6.10,24.33,0,0
92,Niko Goodrum,DET,3.0,0.7,-2.2,-0.5,-0.5,0.0,0,1.31,1.26,-6.47,-0.98,-0.59,-0.25,0
93,Adam Frazier,PIT,3.0,2.5,-0.5,-0.7,2.2,1.0,0,0.91,2.96,-1.28,-1.22,4.24,12.39,0
94,Jace Peterson,MIL,3.0,-0.7,-0.6,-0.4,-0.7,0,0,5.01,-3.89,-5.06,-1.43,-3.89,0,0
95,David Peralta,ARI,3.0,2.0,2.0,-2.9,0.0,-0.3,0,1.15,2.23,6.04,-6.98,-0.04,-4.33,0
96,Jake Marisnick,CHC,2.9,0.3,1.2,-0.8,1.2,0,0,2.41,0.41,5.31,-3.98,4.52,0,0
97,Jason Castro,HOU,2.9,0.8,-0.6,-0.2,-0.5,0,0,3.40,2.21,-2.80,-1.39,-2.09,0,0
98,Jake Cronenworth,SDP,2.9,0.7,0.1,2.1,-0.4,-0.8,0,0.80,1.03,0.16,5.80,-0.50,-5.78,0
99,Tucker Barnhart,CIN,2.8,0.6,1.3,0.0,0.1,-0.4,0,1.57,0.97,6.64,-0.09,0.22,-19.73,0
100,Brandon Nimmo,NYM,2.7,0.1,0.5,0.8,2.0,0,0,1.38,0.13,4.25,3.19,5.12,0,0
101,Ramon Laureano,OAK,2.7,0.1,0.8,0.5,0.5,0.4,0,0.97,0.09,1.74,1.06,1.20,3.90,0
102,Tim Anderson,CHW,2.7,-1.0,-0.3,1.5,0.1,0.1,0,1.44,-0.91,-1.49,3.44,0.35,1.08,0
103,Juan Soto,WSN,2.7,0.2,0.1,0.4,-1.2,0.1,0,1.70,0.50,0.53,0.96,-2.01,6.17,0
104,Pedro Severino,BAL,2.6,-2.3,-0.3,-0.9,-1.3,-0.2,0,1.49,-3.20,-1.03,-2.87,-1.96,-4.69,0
105,Jacob deGrom,NYM,2.6,-0.9,-0.3,0.0,0.0,0,0,10.11,-11.35,-9.38,-0.49,0.00,0,0
106,Yadier Molina,STL,2.6,-0.1,0.8,2.1,2.0,0.0,0,1.67,-0.10,5.00,14.82,10.04,-0.96,0
107,Aaron Judge,NYY,2.6,-0.9,1.2,2.3,-0.1,-0.1,0,1.08,-0.61,1.98,4.93,-0.13,-1.50,0
108,Nick Maton,PHI,2.5,-0.4,-0.1,-1.2,-0.3,0.6,0,2.13,-0.61,-1.07,-3.92,-1.07,8.69,0
109,DJ LeMahieu,NYY,2.5,0.4,-0.1,0.7,-1.7,0.2,0,0.76,0.26,-0.25,1.96,-3.35,5.25,0
110,Adolis Garcia,TEX,2.5,6.9,1.9,-1.1,-1.5,0.0,0,1.18,8.90,4.71,-2.15,-2.48,0.61,0
111,Joey Wendle,TBR,2.5,-0.3,0.3,-1.4,0.9,1.3,0,1.05,-0.39,2.65,-3.31,2.00,12.67,0
112,Lorenzo Cain,MIL,2.4,-2.3,-0.1,0.2,-0.4,-0.2,0,2.00,-6.47,-0.60,1.45,-1.49,-2.71,0
113,George Springer,TOR,2.4,-0.1,-0.5,0.1,-0.7,0,0,5.58,-1.41,-5.50,0.97,-9.21,0,0
114,Freddy Galvis,BAL,2.4,1.4,0.2,1.0,-1.2,-0.3,0,1.05,2.50,1.06,2.78,-1.44,-3.28,0
115,Willy Adames,TBR,2.4,-3.3,0.5,-1.9,-1.2,-0.7,0,1.01,-3.44,1.55,-5.45,-1.87,-7.17,0
116,Alejandro Kirk,TOR,2.3,-0.1,-1.3,1.5,-1.1,0,0,3.01,-0.12,-7.80,6.72,-7.45,0,0
117,Tyler Stephenson,CIN,2.3,-1.5,-0.2,1.1,-0.6,0,0,1.75,-4.39,-1.08,4.18,-4.22,0,0
118,Randal Grichuk,TOR,2.3,-0.1,-0.9,1.1,0.2,0.0,0,1.07,-0.06,-2.29,1.86,0.38,4.48,0
119,Charlie Blackmon,COL,2.3,-0.5,-1.4,0.1,-0.7,0,0,1.09,-0.84,-5.01,0.11,-0.75,0,0
120,Tomas Nido,NYM,2.3,0.0,0.5,-0.6,0,0,0,7.56,-0.19,6.51,-8.01,0,0,0
121,Garrett Hampson,COL,2.2,-0.2,-2.2,0.6,-1.6,0,0,0.77,-0.24,-5.99,1.26,-2.80,0,0
122,Salvador Perez,KCR,2.2,1.4,2.2,-0.5,-2.2,-0.2,0,1.02,1.08,5.81,-1.15,-3.63,-4.14,0
123,Miguel Sano,MIN,2.2,-3.3,-0.1,-0.4,-1.4,-0.4,0,1.41,-3.84,-0.29,-1.19,-3.23,-8.81,0
124,Daniel Vogelbach,MIL,2.2,-3.2,0.0,-1.4,0.0,-0.1,0,1.17,-4.75,-0.26,-2.21,0.05,-2.33,0
125,Christian Yelich,MIL,2.1,0.7,0.1,-1.0,1.1,-0.3,0,3.07,2.19,0.97,-4.01,3.61,-6.61,0
126,Willson Contreras,CHC,2.1,1.6,0.4,-0.2,-1.7,-0.2,0,0.86,1.39,1.50,-0.72,-2.71,-21.33,0
127,Ketel Marte,ARI,2.0,0.1,1.6,1.5,1.2,0.0,0,3.58,0.92,15.83,9.40,5.00,3.19,0
128,Brett Phillips,TBR,2.0,-2.2,-0.2,0.8,-0.6,-0.5,0,1.25,-5.39,-1.22,3.68,-2.63,-8.68,0
129,Austin Riley,ATL,1.9,-1.8,-0.9,1.3,4.3,0.5,0,0.67,-1.73,-2.22,2.80,9.68,27.14,0
130,Jeimer Candelario,DET,1.9,-0.2,-0.4,0.6,1.1,-1.0,0,0.84,-0.20,-0.94,0.79,1.62,-4.55,0
131,Wilmer Flores,SFG,1.9,-4.2,-1.1,0.6,-1.5,0.0,0,1.01,-3.98,-3.16,2.35,-3.26,0.00,0
132,Tyler Naquin,CIN,1.9,1.1,0.3,-0.3,4.4,-0.4,0,0.71,3.12,1.41,-0.79,14.26,-9.00,0
133,Cedric Mullins II,BAL,1.9,4.6,4.2,-0.7,2.3,-0.7,0,0.51,5.81,12.33,-1.12,3.79,-7.97,0
134,Jazz Chisholm,MIA,1.8,3.5,1.2,-0.1,-0.1,-0.7,0,1.21,5.70,6.46,-0.38,-0.14,-5.81,0
135,Jurickson Profar,SDP,1.8,-2.4,-0.2,0.4,-2.9,0.4,0,0.63,-2.85,-0.53,0.67,-3.52,4.48,0
136,Amed Rosario,CLE,1.8,-2.8,0.5,-0.6,-2.7,0.0,0,1.03,-3.07,2.42,-2.38,-4.54,0.26,0
137,Paul DeJong,STL,1.7,-0.3,-0.2,-1.2,-2.3,0.7,0,0.61,-0.23,-0.60,-3.54,-3.78,10.21,0
138,Isan Diaz,MIA,1.7,-0.7,0.6,-0.5,-1.6,0.1,0,2.44,-4.98,4.60,-5.70,-5.53,2.61,0
139,Dylan Cease,CHW,1.7,0,0,0,0,0,0,42.80,0,0,0,0,0,0
140,Taylor Ward,LAA,1.7,-1.3,-0.1,0.6,-0.9,0,0,4.14,-5.11,-1.47,9.05,-10.68,0,0
141,Nelson Cruz,MIN,1.7,4.4,-0.7,2.7,-0.7,-0.4,0,0.74,3.29,-2.41,6.92,-1.24,-14.47,0
142,Nolan Arenado,STL,1.7,-1.6,-0.8,0.1,4.8,0.4,0,0.54,-1.09,-4.02,0.31,8.51,21.70,0
143,Kyle Lewis,SEA,1.7,1.4,-1.6,-0.7,-0.5,0.1,0,1.19,2.23,-5.79,-2.75,-1.42,1.46,0
144,Jean Segura,PHI,1.7,1.1,-1.0,1.4,-0.7,-0.6,0,1.14,1.84,-4.17,3.73,-3.26,-10.44,0
145,Nick Senzel,CIN,1.7,-2.6,-1.5,3.1,-0.2,-0.2,0,0.93,-2.57,-5.14,9.37,-1.82,-6.66,0
146,Jonathan India,CIN,1.6,-0.6,-0.8,-0.3,-2.7,-0.6,0,1.01,-0.74,-3.31,-0.84,-5.62,-20.23,0
147,Ozzie Albies,ATL,1.6,-0.1,0.0,1.1,2.4,-0.6,0,0.58,-0.20,-0.04,1.63,2.31,-8.00,0
148,Teoscar Hernandez,TOR,1.6,-0.7,0.1,-0.2,-0.3,0.5,0,1.26,-0.93,0.76,-0.68,-0.95,46.61,0
149,Wilmer Difo,PIT,1.6,-1.3,0.8,-1.7,1.1,-0.7,0,1.90,-4.12,9.72,-3.84,6.54,-22.89,0
150,Luis Guillorme,NYM,1.6,-0.3,0.3,-0.6,0.6,0,0,2.44,-2.01,2.15,-4.57,3.25,0,0
151,Brock Holt,TEX,1.5,-0.2,0.8,0.0,-2.0,-0.1,0,1.16,-0.71,16.09,0.01,-6.75,-1.53,0
152,Yoan Moncada,CHW,1.5,2.5,1.3,0.2,-2.8,-0.1,0,0.51,3.79,4.06,0.27,-3.16,-0.40,0
153,Kevin Kiermaier,TBR,1.5,-1.4,-0.3,0.4,-2.1,-1.0,0,1.18,-2.41,-2.09,1.78,-5.80,-6.43,0
154,Starling Marte,MIA,1.5,2.5,1.6,-0.6,0.5,0,0,1.26,3.72,10.68,-2.15,1.34,0,0
155,Brad Miller,PHI,1.5,0.1,0.3,-1.0,0.4,-0.4,0,1.38,0.32,1.93,-5.73,0.69,-7.01,0
156,Khris Davis,TEX,1.4,-0.5,0.4,-0.2,-0.8,0,0,10.31,-6.62,43.22,-3.01,-11.60,0,0
157,J.D. Davis,NYM,1.4,0.2,0.7,1.9,1.3,0,0,1.07,0.64,8.07,8.07,14.01,0,0
158,Andrew Vaughn,CHW,1.4,-0.2,-0.2,1.6,-1.1,0.1,0,0.96,-0.16,-0.78,5.43,-2.90,3.19,0
159,Yonathan Daza,COL,1.3,-2.2,-0.2,0.7,-2.0,-0.2,0,0.95,-4.20,-1.24,2.05,-6.39,-10.66,0
160,Trevor Story,COL,1.3,-1.1,1.0,1.3,2.8,0,0,0.45,-0.97,2.07,1.80,3.97,0,0
161,A.J. Pollock,LAD,1.3,1.3,0.2,0.7,-1.2,0,0,0.79,1.44,0.65,1.79,-3.17,0,0
162,Adrian Houser,MIL,1.2,-0.1,0.0,-0.2,-0.2,0,0,4.11,-1.31,2.03,-2.36,-7.63,0,0
163,Yasmani Grandal,CHW,1.1,0.4,-0.7,-0.3,-0.5,-0.3,0,0.55,0.81,-3.63,-0.43,-0.68,-3.26,0
164,Rene Rivera,CLE,1.1,0.4,-0.3,0.0,0.0,0,0,9.87,5.49,-12.66,2.03,-1.40,0,0
165,Mitch Garver,MIN,1.1,-3.1,-0.5,0.1,1.4,-0.3,0,0.61,-3.75,-2.34,0.68,3.71,-6.66,0
166,Jorge Soler,KCR,1.1,-0.1,-1.2,-0.4,-1.2,0.1,0,0.42,-0.09,-3.98,-0.68,-1.59,1.25,0
167,Jackie Bradley Jr.,MIL,1.1,-4.6,-0.1,-0.8,0.3,-0.1,0,0.57,-6.17,-0.32,-0.91,0.43,-6.39,0
168,Anthony Rizzo,CHC,1.1,-1.0,-0.8,5.0,0.1,-0.3,0,0.33,-1.15,-1.78,9.00,0.21,-3.58,0
169,Josh Bell,WSN,1.1,0.0,-1.3,0.1,-4.6,-0.6,0,0.67,0.06,-4.26,0.28,-6.57,-8.98,0
170,Jake Lamb,CHW,1.1,0.6,-0.3,-1.0,-0.2,-0.9,0,1.65,3.49,-8.88,-5.28,-1.17,-17.56,0
171,Steven Duggar,SFG,1.1,-1.3,0.6,-0.7,-0.8,0,0,2.45,-6.49,3.55,-4.09,-3.52,0,0
172,David Bote,CHC,1.0,-3.0,-1.9,-1.4,-0.9,0,0,0.50,-2.25,-5.45,-3.38,-2.70,0,0
173,Huascar Ynoa,ATL,1.0,-0.4,0,2.3,-0.2,0,0,2.70,-5.64,0,56.52,-16.74,0,0
174,Ehire Adrianza,ATL,1.0,1.5,-1.3,0.7,-0.6,0.5,0,0.97,7.82,-6.79,3.15,-3.89,4.14,0
175,Mike Zunino,TBR,1.0,2.2,0.5,-0.8,-0.4,-0.2,0,0.58,3.59,2.89,-4.47,-1.36,-16.74,0
176,Austin Slater,SFG,1.0,-4.2,3.5,-0.6,-0.3,-0.2,0,0.42,-4.27,14.69,-2.20,-0.57,-7.88,0
177,Jordy Mercer,WSN,1.0,0.8,0,-0.2,-1.2,0,0,1.87,2.54,0,-4.48,-7.75,0,0
178,Christian Walker,ARI,1.0,-3.5,0.2,-0.7,-1.0,0,0,0.65,-4.62,2.86,-6.78,-3.97,0,0
179,LaMonte Wade Jr.,SFG,0.9,0.0,0,0.3,-0.7,0,0,6.63,1.36,0,3.64,-6.68,0,0
180,Reese McGuire,TOR,0.9,0,-0.2,0,-0.4,0,0,6.63,0,-5.53,0,-6.79,0,0
181,Trent Grisham,SDP,0.9,5.0,-2.6,2.6,-0.3,0.8,0,0.35,8.11,-5.54,7.13,-0.59,9.23,0
182,Chad Pinder,OAK,0.9,0.0,0.0,-0.3,0.0,-0.1,0,4.94,0.08,-4.00,-25.32,4.48,-4.45,0
183,Ramon Urias,BAL,0.9,0.1,-0.3,0.2,-2.9,0.4,0,0.62,0.14,-1.72,1.39,-8.11,9.44,0
184,Kyle Schwarber,WSN,0.9,-0.3,-0.3,-0.7,-2.0,0.0,0,0.43,-0.49,-1.04,-1.39,-3.12,4.48,0
185,Anthony Santander,BAL,0.9,-2.2,-1.0,0.3,-0.4,0.4,0,0.74,-5.43,-5.50,0.98,-1.08,13.09,0
186,Austin Allen,OAK,0.9,-0.4,0.0,-0.2,0,0,0,8.58,-4.68,-0.64,-6.23,0,0,0
187,Ryan Mountcastle,BAL,0.8,-3.4,0.4,-2.6,-1.6,-0.2,0,0.34,-2.67,2.70,-4.69,-2.88,-5.78,0
188,Victor Robles,WSN,0.8,-1.7,-0.8,0.1,-0.5,0.2,0,0.37,-1.66,-3.04,0.15,-1.98,5.45,0
189,Luis Urias,MIL,0.8,-0.3,-1.0,-1.6,0.3,-0.2,0,0.33,-0.26,-2.43,-4.72,0.77,-6.92,0
190,Lewis Brinson,MIA,0.8,-1.6,-0.4,-1.5,-0.5,0.1,0,0.98,-2.67,-5.22,-8.79,-1.44,6.24,0
191,Tommy Edman,STL,0.8,3.6,0.6,-0.9,0.9,-0.1,0,0.24,3.95,2.21,-1.73,0.73,-1.69,0
192,Rafael Devers,BOS,0.8,2.8,-0.7,1.9,5.8,1.3,0,0.26,3.70,-2.51,3.89,9.91,15.69,0
193,Andrelton Simmons,MIN,0.8,-1.0,-0.5,0.1,0.2,-0.5,0,0.55,-1.08,-2.27,0.47,0.75,-7.48,0
194,Drew Butera,LAA,0.8,-0.7,-0.1,-0.5,-0.2,0,0,6.12,-7.18,-2.04,-10.46,-12.23,0,0
195,Jose Peraza,NYM,0.8,-1.0,-0.3,-0.4,0.4,0,0,5.51,-8.04,-8.81,-9.07,8.93,0,0
196,Robel Garcia,HOU,0.7,-0.3,-0.8,0.1,-0.8,-0.3,0,2.68,-3.81,-7.75,1.18,-4.79,-8.39,0
197,Tejay Antone,CIN,0.7,0,-0.3,0,0.0,0,0,6.15,0,-4.41,0,-0.83,0,0
198,Christian Arroyo,BOS,0.7,-1.8,0.7,-0.3,1.2,0.0,0,0.48,-2.63,2.61,-1.10,3.61,0.06,0
199,Aristides Aquino,CIN,0.7,-0.6,0,1.4,-0.5,0,0,2.98,-3.29,0,68.03,-9.63,0,0
200,Keibert Ruiz,LAD,0.7,0,-0.3,0,0.0,-0.2,0,7.73,0,-8.12,0,-4.00,-6.68,0
201,Matt Chapman,OAK,0.7,1.3,-0.6,-0.8,0.6,-0.4,0,0.20,0.88,-1.39,-1.75,0.97,-2.35,0
202,Joc Pederson,CHC,0.6,-2.1,0.7,1.2,-1.0,-0.2,0,0.41,-3.52,1.90,2.03,-1.84,-5.68,0
203,Willians Astudillo,MIN,0.6,0.9,-1.7,-0.4,2.5,0.8,0,0.82,1.84,-11.07,-1.40,14.93,16.32,0
204,Yan Gomes,WSN,0.6,-0.5,-0.5,0.5,-0.6,-0.2,0,0.43,-0.89,-5.25,1.90,-2.73,-11.22,0
205,Jake Bauers,CLE,0.6,-0.7,-0.1,-0.4,-0.8,0,0,0.41,-1.53,-2.66,-6.99,-2.13,0,0
206,Tom Murphy,SEA,0.6,-1.5,-0.9,0.5,-2.5,-0.1,0,0.40,-3.15,-4.63,1.71,-8.06,-3.25,0
207,Kyle Wright,ATL,0.6,0,0,0,0,0,0,8.11,0,0,0,0,0,0
208,Ka'ai Tom,- - -,0.6,0.0,-1.0,-0.4,-1.2,-0.1,0,0.36,-0.18,-5.09,-1.48,-7.93,-13.58,0
209,Luis Robert,CHW,0.6,-0.8,-0.2,4.0,-0.1,0.4,0,0.34,-0.78,-1.20,11.85,-0.38,3.52,0
210,Austin Meadows,TBR,0.5,-1.6,0.5,1.2,0.8,0.4,0,0.17,-1.33,1.64,1.92,0.81,2.89,0
211,Luke Weaver,ARI,0.5,-1.6,0.0,-0.1,0,0,0,1.93,-10.13,-4.00,-4.67,0,0,0
212,Eduardo Escobar,ARI,0.5,-4.2,-1.8,3.4,1.5,0,0,0.18,-3.07,-4.14,7.26,2.04,0,0
213,Cavan Biggio,TOR,0.5,-0.5,-1.5,0.3,-1.1,0.6,0,0.19,-1.03,-4.80,0.74,-1.57,5.44,0
214,Ronnie Dawson,HOU,0.5,-0.3,0,0,-0.9,0,0,3.90,-8.12,0,0,-30.75,0,0
215,Adam Eaton,CHW,0.5,0.7,-2.6,-0.9,3.4,0.2,0,0.21,1.04,-7.75,-1.39,5.47,1.58,0
216,Jon Berti,MIA,0.5,-2.6,0.9,-0.8,-1.2,1.2,0,0.21,-3.39,2.90,-2.16,-5.08,38.57,0
217,Matt Peacock,ARI,0.5,0,0,0,0,0,0,46.61,0,0,0,0,0,0
218,Jonathan Davis,TOR,0.5,-1.1,0.0,0.6,-0.4,0,0,0.76,-3.11,-0.50,4.86,-2.04,0,0
219,Nicky Lopez,KCR,0.5,1.9,0.7,-1.3,-0.7,-0.3,0,0.18,4.26,2.84,-2.26,-1.69,-2.32,0
220,Paul Goldschmidt,STL,0.5,-0.6,-1.1,-1.4,0.9,-0.2,0,0.16,-0.35,-3.99,-3.03,1.31,-2.73,0
221,Matt Carpenter,STL,0.4,-1.1,0.2,0.0,-1.9,-0.2,0,0.30,-2.62,1.00,-0.01,-4.41,-8.37,0
222,Wade Miley,CIN,0.4,-0.2,-0.1,-1.1,-0.4,0,0,3.43,-16.77,-5.69,-6.90,-7.39,0,0
223,Matt Adams,COL,0.4,-0.9,-0.2,-0.6,0.1,0,0,1.08,-5.41,-21.25,-5.63,1.86,0,0
224,Adam Haseley,PHI,0.4,-1.1,-0.6,-0.4,-0.4,0,0,0.97,-8.30,-4.76,-2.94,-3.56,0,0
225,Yordan Alvarez,HOU,0.4,5.8,4.2,-1.5,0.8,-0.8,0,0.14,6.40,13.48,-2.69,1.10,-6.39,0
226,Stephen Strasburg,WSN,0.3,0.0,0,0,0,0,0,2.65,-1.50,0,0,0,0,0
227,Jake Fraley,SEA,0.3,0.0,-0.1,-0.1,1.1,0.2,0,0.86,-0.15,-0.95,-2.92,8.99,5.67,0
228,Harold Ramirez,CLE,0.3,0.4,0.2,-0.5,-0.7,0,0,0.81,3.11,2.48,-4.58,-6.80,0,0
229,Mario Feliciano,MIL,0.3,0,0,0,0.0,0,0,6.45,0,0,0,-0.10,0,0
230,Jose Rojas,LAA,0.3,-0.6,0.3,-1.0,-1.1,-0.2,0,0.25,-1.13,1.52,-2.18,-5.32,-19.97,0
231,Austin Dean,STL,0.3,-0.1,-0.5,-0.6,0.1,1.5,0,0.36,-0.40,-7.75,-4.87,0.85,50.08,0
232,Ryan Jeffers,MIN,0.3,-1.9,-0.7,-0.3,-1.4,0.1,0,0.40,-4.50,-7.88,-2.47,-7.95,2.78,0
233,Isiah Kiner-Falefa,TEX,0.3,5.5,1.3,-0.5,-1.0,-0.9,0,0.10,5.13,2.95,-0.75,-1.45,-4.82,0
234,Wil Crowe,PIT,0.3,-0.1,-0.1,0,0,0,0,2.26,-3.39,-6.44,0,0,0,0
235,Triston McKenzie,CLE,0.3,0,0,0,0,0,0,4.23,0,0,0,0,0,0
236,Connor Joe,COL,0.2,-0.4,0.2,0.1,0.3,0,0,1.04,-5.68,1.86,1.35,4.93,0,0
237,Chad Wallach,MIA,0.2,-0.8,0.3,-0.8,-1.1,0,0,0.20,-1.31,4.54,-3.92,-7.19,0,0
238,JT Riddle,MIN,0.2,0.1,-0.2,-0.4,0.5,-0.2,0,2.55,3.60,-11.82,-8.84,51.09,-8.62,0
239,Raimel Tapia,COL,0.2,0.7,0.1,1.8,2.6,1.4,0,0.08,1.28,0.15,3.40,4.03,35.02,0
240,Ildemaro Vargas,CHC,0.2,-0.7,-0.7,-0.5,-0.7,0,0,0.69,-7.35,-6.60,-4.48,-9.59,0,0
241,Dylan Moore,SEA,0.2,-2.1,-1.4,-2.5,0.0,-0.2,0,0.07,-2.14,-3.55,-4.57,0.05,-4.19,0
242,Dansby Swanson,ATL,0.1,-2.3,-1.2,0.0,-0.5,0.0,0,0.06,-1.82,-2.53,0.00,-0.97,-1.83,0
243,Taylor Widener,ARI,0.1,0,-0.1,0.0,-0.6,0,0,0.56,0,-5.69,3.19,-14.67,0,0
244,Patrick Mazeika,NYM,0.1,-0.4,0,0,-0.3,0,0,1.40,-17.61,0,0,-3.46,0,0
245,Lane Thomas,STL,0.1,-0.5,0.0,-0.2,0.4,0,0,0.53,-3.86,2.03,-24.05,18.28,0,0
246,Jeff Hoffman,CIN,0.1,-0.3,-0.1,-0.3,0.0,0,0,0.75,-8.32,-5.69,-11.12,-1.50,0,0
247,Luis Garcia,WSN,0.1,-0.3,0.0,-0.2,-0.2,0,0,0.76,-2.37,-4.00,-17.25,-6.89,0,0
248,Nate Lowe,TEX,0.1,0.4,0.5,0.9,3.7,0.4,0,0.03,0.33,0.89,1.24,5.39,3.05,0
249,Ryan O'Hearn,KCR,0.1,-0.7,-0.9,0.9,0.5,1.3,0,0.11,-2.69,-5.74,4.73,6.03,13.13,0
250,Hunter Owen,PIT,0.1,-0.4,-0.4,0.0,0,0,0,1.63,-7.77,-7.88,0.83,0,0,0
251,Madison Bumgarner,ARI,0.1,-0.2,-0.4,0.0,-0.5,0,0,0.29,-1.07,-3.19,0.09,-5.49,0,0
252,Trevor Cahill,PIT,0.1,-0.6,-0.2,0,-0.1,0,0,0.83,-12.90,-11.40,0,-5.69,0,0
253,Taylor Clarke,ARI,0.1,0.0,-0.2,0,0,0,0,0.91,2.03,-16.74,0,0,0,0
254,Luke Maile,MIL,0.1,0.1,-0.4,0.1,-0.2,-0.2,0,0.16,1.03,-5.35,2.78,-5.69,-4.49,0
255,Francisco Mejia,TBR,0.1,-0.3,0.7,1.9,-0.2,0.4,0,0.08,-0.71,3.62,6.39,-0.58,5.26,0
256,Santiago Espinal,TOR,0.1,-0.4,-0.3,-0.4,0.8,0.0,0,0.18,-3.39,-2.54,-2.78,4.42,-1.83,0
257,Cody Bellinger,LAD,0.1,-0.1,0,0.0,-0.3,-0.1,0,0.12,-0.54,0,-0.38,-3.38,-2.53,0
258,Jake Rogers,DET,0.0,0.3,0,-0.5,-0.2,0,0,0.28,2.89,0,-6.63,-18.77,0,0
259,Max Fried,ATL,0.0,0.5,-0.2,-0.4,0.1,0,0,0.16,16.76,-2.71,-10.35,1.08,0,0
260,Tres Barrera,WSN,0.0,-0.5,0,0,0,0,0,2.72,-10.08,0,0,0,0,0
261,Brian O'Grady,SDP,0.0,0,0,0,0,-0.3,0,0.65,0,0,0,0,-13.64,0
262,Ryan McBroom,KCR,0.0,-0.4,0,-0.1,0.0,0,0,0.05,-7.49,0,-6.39,-1.07,0,0
263,Carter Kieboom,WSN,0.0,0.1,0,0.0,-0.1,0,0,0.11,6.27,0,3.39,-5.53,0,0
264,Wyatt Mathisen,ARI,0.0,-1.9,-0.8,0.0,-0.3,0,0,0.00,-2.79,-9.41,0.07,-2.14,0,0
265,Andrew Benintendi,KCR,0.0,-0.3,-0.7,0.8,2.1,2.0,0,0.00,-0.31,-2.85,1.51,2.74,18.01,0
266,Jordan Yamamoto,NYM,0.0,-0.3,0,0,0,0,0,-0.64,-12.58,0,0,0,0,0
267,Daulton Varsho,ARI,0.0,-0.4,-0.5,-0.2,0.3,0,0,-0.04,-1.91,-4.89,-5.96,2.07,0,0
268,JT Brubaker,PIT,0.0,-0.1,-0.4,-0.2,0,0,0,-0.13,-3.88,-5.80,-6.57,0,0,0
269,Paolo Espino,WSN,0.0,0,0,-0.2,0,0,0,-4.00,0,0,-10.90,0,0,0
270,Kyle Gibson,TEX,0.0,0,0,-0.5,0,0,0,-4.00,0,0,-8.15,0,0,0
271,Ryan Castellani,COL,0.0,0,0,-0.2,0,0,0,-4.00,0,0,-8.62,0,0,0
272,Kenta Maeda,MIN,0.0,-0.4,0,0,0,0,0,-4.00,-18.29,0,0,0,0,0
273,Drew Rasmussen,MIL,0.0,0,0,0,-0.2,0,0,-0.75,0,0,0,-21.96,0,0
274,Derek Hill,DET,0.0,-0.2,0,0,0,0,0,-1.12,-21.96,0,0,0,0,0
275,David Price,LAD,0.0,0,0,0,0,0,0,-5.00,0,0,0,0,0,0
276,Corey Dickerson,MIA,-0.1,1.2,1.9,2.4,-0.8,0.3,0,-0.02,2.46,8.16,6.20,-1.15,5.83,0
277,Nick Pivetta,BOS,-0.1,-0.5,0,0,0,0,0,-0.64,-7.85,0,0,0,0,0
278,Corey Ray,MIL,-0.1,0.3,-0.1,-0.3,0,0,0,-1.27,8.22,-4.85,-6.37,0,0,0
279,Nick Madrigal,CHW,-0.1,2.1,-0.5,-0.1,0.5,0.4,0,-0.03,2.05,-2.67,-0.28,2.76,7.44,0
280,Ross Detwiler,MIA,-0.1,-0.2,0,0,0,0,0,-2.56,-18.77,0,0,0,0,0
281,Skye Bolt,SFG,-0.1,-0.2,0,0,0,0,0,-2.56,-9.07,0,0,0,0,0
282,Braden Bishop,SEA,-0.1,-0.3,0,0,0,0,0,-1.56,-3.18,0,0,0,0,0
283,Tyler Wade,NYY,-0.1,0.0,-0.1,0.3,-0.5,0,0,-0.27,0.14,-5.69,4.57,-15.99,0,0
284,Corbin Burnes,MIL,-0.1,0,-0.2,-0.2,-0.4,0,0,-0.20,0,-3.78,-4.93,-13.23,0,0
285,Donovan Solano,SFG,-0.1,-1.8,1.2,-1.1,2.0,0.2,0,-0.09,-4.05,6.79,-6.27,8.73,8.23,0
286,Jack Flaherty,STL,-0.1,-0.4,0,0.3,-0.2,0,0,-0.19,-4.38,0,5.68,-4.99,0,0
287,Jimmy Nelson,LAD,-0.1,-0.2,0,0,0,0,0,-4.85,-16.74,0,0,0,0,0
288,Heath Hembree,CIN,-0.1,-0.2,0,0,0,0,0,-4.85,-16.74,0,0,0,0,0
289,Kevan Smith,TBR,-0.1,0,0,0,0,-0.2,0,-4.85,0,0,0,0,-20.95,0
290,Jose Ruiz,CHW,-0.1,0,0,0,0,0,-0.1,-3.23,0,0,0,0,0,-11.55
291,Caleb Smith,ARI,-0.1,-0.2,0,0,0,0,0,-4.85,-16.74,0,0,0,0,0
292,John Means,BAL,-0.1,-0.1,0,0,-0.3,0,0,-4.85,-13.01,0,0,-33.31,0,0
293,Dennis Santana,LAD,-0.1,0,0,0,-0.2,0,0,-4.85,0,0,0,-16.74,0,0
294,Logan Allen,CLE,-0.1,-0.2,0,0,0,0,0,-1.94,-8.37,0,0,0,0,0
295,Josh Tomlin,ATL,-0.1,0.0,0,-0.2,0,0,0,-5.20,2.72,0,-18.77,0,0,0
296,Max Schrock,CIN,-0.1,-0.2,-0.3,0.6,0.2,0,0,-0.56,-5.61,-12.66,6.97,6.43,0,0
297,Nick Williams,CHW,-0.1,-0.3,0,0.0,-0.6,0,0,-0.36,-16.34,0,0.27,-14.60,0,0
298,Brian Anderson,MIA,-0.1,-2.7,-0.2,-1.8,-0.1,-0.2,0,-0.07,-3.82,-1.11,-5.43,-0.47,-4.15,0
299,Anthony Rendon,LAA,-0.1,0.0,-0.1,0.6,2.2,0,0,-0.08,-0.04,-0.79,3.15,8.62,0,0
300,Jordan Luplow,CLE,-0.1,1.5,1.9,-0.8,-0.3,0.0,0,-0.07,1.96,5.79,-2.63,-0.49,-0.69,0
301,Kole Calhoun,ARI,-0.1,2.0,1.3,0.4,0.6,-0.3,0,-0.11,5.82,9.83,2.74,1.48,-3.38,0
302,Tony Kemp,OAK,-0.1,0.2,-0.2,-0.5,0.2,0,0,-0.10,0.50,-1.77,-1.93,1.69,0,0
303,Nick Gordon,MIN,-0.1,0,0.0,0.2,0.5,0,0,-1.58,0,0.00,4.56,23.30,0,0
304,Jordan Lyles,TEX,-0.1,-0.4,0,0,0.0,0,0,-4.80,-13.52,0,0,2.72,0,0
305,Zack Godley,MIL,-0.2,0,0,0,0,0,0,-15.26,0,0,0,0,0,0
306,Nick Martini,CHC,-0.2,-0.2,0,0.1,0.0,0,0,-0.80,-9.78,0,0.99,3.39,0,0
307,Shane Bieber,CLE,-0.2,-0.1,-0.5,0,0.0,0,0,-8.37,-4.85,-7.29,0,4.48,0,0
308,Pat Valaika,BAL,-0.2,-1.4,1.7,-1.9,-0.7,-0.2,0,-0.19,-4.88,6.66,-6.63,-7.68,-3.56,0
309,Zack Collins,CHW,-0.2,0.5,0.3,0.6,-1.0,1.0,0.1,-0.17,1.24,5.19,3.45,-3.45,17.33,9.15
310,Matt Beaty,LAD,-0.2,2.4,-0.3,0.7,1.7,0.2,0,-0.24,6.80,-2.16,2.83,3.69,6.19,0
311,Jason Vosler,SFG,-0.2,-0.4,-0.1,-0.3,-1.2,0,0,-0.64,-4.53,-5.20,-9.72,-16.50,0,0
312,Jose Urquidy,HOU,-0.2,0,0,-0.3,0,0,0,-5.02,0,0,-10.72,0,0,0
313,Jake Diekman,OAK,-0.2,-0.1,0,0,0,0,0,-6.92,-5.69,0,0,0,0,0
314,Alec Bettinger,MIL,-0.2,0,0,-0.1,0,0,0,-10.37,0,0,-5.69,0,0,0
315,Jakob Junis,KCR,-0.2,0,0.0,0,-0.2,0,0,-6.99,0,0.00,0,-10.37,0,0
316,Jeff Mathis,ATL,-0.2,0,-0.3,0.0,-0.2,0,0,-10.63,0,-6.50,3.19,-21.32,0,0
317,Lucas Sims,CIN,-0.2,0.0,0,0,0,0,0,-5.31,0.00,0,0,0,0,0
318,Carson Fulmer,CIN,-0.2,0,0,0,0,0,0,-10.63,0,0,0,0,0,0
319,Cionel Perez,CIN,-0.2,0,0,0,0,0,0,-3.54,0,0,0,0,0,0
320,Scott Hurst,STL,-0.2,-0.1,0,0,-0.4,-0.4,0,-1.78,-5.69,0,0,-7.75,-19.26,0
321,Joe Ross,WSN,-0.2,0.1,0.0,-0.2,-0.2,0,0,-1.28,1.12,4.48,-4.02,-7.08,0,0
322,Troy Stokes Jr.,PIT,-0.2,-1.1,0.1,0.5,0.8,0,0,-1.05,-11.46,3.09,7.69,39.79,0,0
323,Chris Bassitt,OAK,-0.2,-0.3,0,0.0,0,0,0,-11.39,-4.41,0,-1.83,0,0,0
324,Pablo Lopez,MIA,-0.2,-0.6,-0.5,-0.6,-0.3,-0.4,0,-0.89,-8.30,-17.08,-6.63,-8.81,-11.22,0
325,Andrew Knapp,PHI,-0.2,-1.0,-0.4,0.4,-0.2,-0.1,0,-0.31,-3.35,-7.01,2.08,-0.69,-2.40,0
326,Joey Bart,SFG,-0.2,0,0,0,0.0,0,0,-24.05,0,0,0,-0.64,0,0
327,Kevin Plawecki,BOS,-0.2,1.8,-1.2,0.6,-1.0,0,0,-0.33,5.65,-7.51,9.20,-6.52,0,0
328,Michael Perez,PIT,-0.2,0.0,-0.9,-0.2,0.0,0,0,-0.40,0.17,-7.13,-1.25,-0.16,0,0
329,Nick Neidert,MIA,-0.2,0.0,0,-0.3,0,0,0,-2.04,2.03,0,-8.81,0,0,0
330,Danny Mendick,CHW,-0.2,-0.2,0.5,1.2,1.2,-0.2,0,-0.34,-0.64,3.58,5.51,7.35,-7.81,0
331,Kwang-hyun Kim,STL,-0.2,0.2,0,0.2,0.0,0,0,-1.31,5.55,0,3.01,-2.18,0,0
332,Kevin Pillar,NYM,-0.3,-1.2,0.2,-0.6,-0.4,-0.2,0,-0.18,-3.49,1.50,-3.09,-1.20,-24.05,0
333,Dallas Keuchel,CHW,-0.3,0,0,-0.2,0,0,0,-4.21,0,0,-7.27,0,0,0
334,Nabil Crismatt,SDP,-0.3,0.0,0,-0.2,0,0,0,-8.42,0.00,0,-11.22,0,0,0
335,Edwin Uceta,LAD,-0.3,-0.1,0,-0.2,0,0,0,-4.21,-5.69,0,-16.11,0,0,0
336,Trey Mancini,BAL,-0.3,2.1,1.1,0.4,-2.8,-0.7,0,-0.10,1.57,2.71,0.74,-3.22,-9.82,0
337,Kyle Ryan,CHC,-0.3,0,0,0,0,0,0,-6.33,0,0,0,0,0,0
338,Nick Ramirez,SDP,-0.3,0,0,0,0,0,0,-25.32,0,0,0,0,0,0
339,Matt Wisler,SFG,-0.3,0,0,0,0,0,0,-6.45,0,0,0,0,0,0
340,Garrett Cleavinger,LAD,-0.3,0,0,0,0,0,0,-6.45,0,0,0,0,0,0
341,Jake Woodford,STL,-0.3,0,0,0,0,0,0,-8.60,0,0,0,0,0,0
342,Mitch White,LAD,-0.3,0,0,0,0,0,0,-5.16,0,0,0,0,0,0
343,Rich Hill,TBR,-0.3,0,0,0,0,0,0,-3.69,0,0,0,0,0,0
344,Nick Heath,ARI,-0.3,0.1,0,-0.6,-0.2,-0.1,0,-0.38,0.97,0,-5.56,-0.74,-5.78,0
345,Josh Lindblom,MIL,-0.3,0,0,0,0,0,0,-6.61,0,0,0,0,0,0
346,Miguel Diaz,SDP,-0.3,0,0,0,0,0,0,-6.61,0,0,0,0,0,0
347,Robert Gsellman,NYM,-0.3,0,-0.2,0.0,0,0,0,-4.44,0,-21.33,-1.83,0,0,0
348,Chi Chi Gonzalez,COL,-0.3,0.2,0,-0.7,-0.2,0,0,-1.42,2.19,0,-10.17,-24.64,0,0
349,Sal Romano,CIN,-0.3,-0.2,0,0,0.0,0,0,-9.04,-5.53,0,0,-4.00,0,0
350,Zack Short,DET,-0.3,-0.3,0.3,0.1,0.2,0,0,-1.18,-3.90,8.14,2.36,2.68,0,0
351,Joseph Odom,TBR,-0.3,-0.2,0,0,0,0,0,-4.63,-9.97,0,0,0,0,0
352,Matt Duffy,CHC,-0.3,1.4,-0.7,0.1,-1.5,-0.1,0,-0.16,1.97,-3.34,0.43,-4.69,-6.41,0
353,Keegan Thompson,CHC,-0.3,-0.1,-0.1,0,0,0,0,-4.00,-7.01,-5.69,0,0,0,0
354,Jordan Zimmermann,MIL,-0.3,0,0,0.0,0,0,0,-7.12,0,0,2.03,0,0,0
355,Elieser Hernandez,MIA,-0.3,0,0,0.0,0,0,0,-9.49,0,0,2.03,0,0,0
356,Joey Lucchesi,NYM,-0.3,-0.2,0.0,-0.2,0,0,0,-2.25,-8.37,-1.60,-7.75,0,0,0
357,Eric Lauer,MIL,-0.3,-0.2,-0.1,-0.2,0,0,0,-9.75,-8.05,-5.69,-11.22,0,0,0
358,Zack Wheeler,PHI,-0.3,-0.4,0.0,-0.8,-0.2,0,0,-0.80,-3.09,-4.00,-7.28,-7.26,0,0
359,Monte Harrison,MIA,-0.3,-0.4,0,0,0.1,0,0,-3.70,-3.84,0,0,9.15,0,0
360,Tyler Zuber,KCR,-0.3,0,0,0.0,0,0,0,-5.93,0,0,3.19,0,0,0
361,Erik Gonzalez,PIT,-0.3,-4.0,-1.3,0.0,-1.8,-0.7,0,-0.17,-3.70,-3.15,0.02,-5.48,-8.68,0
362,Sean Kazmar,ATL,-0.3,-0.6,0,0.0,0,0,0,-6.28,-31.39,0,-4.00,0,0,0
363,Matt Harvey,BAL,-0.3,-0.2,0,0,0,0,0,-6.49,-7.61,0,0,0,0,0
364,Kevin Padlo,TBR,-0.3,0.1,-0.4,0.0,-0.7,0.0,0,-1.80,1.49,-7.12,0.02,-7.39,3.19,0
365,Ryan McMahon,COL,-0.3,0.9,2.2,0.1,-1.1,0,0,-0.12,1.39,6.15,0.21,-1.02,0,0
366,Mark Payton,CIN,-0.3,-0.5,-0.2,0.5,-0.2,0,0,-2.05,-12.74,-5.31,12.50,-9.62,0,0
367,John Andreoli,SDP,-0.3,0,0,0,0,0,0,-16.66,0,0,0,0,0,0
368,Jesus Luzardo,OAK,-0.3,0,0,0,0,0,0,-6.66,0,0,0,0,0,0
369,Adrian Morejon,SDP,-0.3,0,0,0,0,0,0,-33.31,0,0,0,0,0,0
370,Daniel Ponce de Leon,STL,-0.3,-0.2,0,0,0,0,0,-5.69,-18.14,0,0,0,0,0
371,Luke Raley,LAD,-0.3,0.1,0.3,-1.5,0.4,-0.5,0,-0.62,0.19,3.16,-5.21,3.52,-17.66,0
372,Ali Sanchez,STL,-0.4,0.7,0.0,0,0,0,0,-11.67,35.22,-4.00,0,0,0,0
373,Mitch Moreland,OAK,-0.4,-2.4,-0.5,0.6,0.6,1.3,0,-0.20,-3.32,-2.11,1.23,1.16,8.98,0
374,Yusei Kikuchi,SEA,-0.4,0,0,-0.2,0,0,0,-3.94,0,0,-16.11,0,0,0
375,Jorge Mateo,SDP,-0.4,2.4,-0.6,-0.1,-0.4,-0.3,0,-0.53,5.28,-6.23,-2.23,-2.87,-10.52,0
376,Brandon Woodruff,MIL,-0.4,-0.5,-0.4,-0.7,-0.8,-0.2,0,-1.35,-5.65,-12.51,-11.41,-9.67,-18.77,0
377,Patrick Corbin,WSN,-0.4,0,-0.3,0.2,0,0,0,-1.48,0,-14.66,3.77,0,0,0
378,Luke Voit,NYY,-0.4,-0.3,0.0,0,-0.2,0,0,-6.28,-8.09,-2.14,0,-4.94,0,0
379,Jack Mayfield,LAA,-0.4,0.0,0,0,-0.4,0,0,-6.31,0.00,0,0,-6.05,0,0
380,Ryan Yarbrough,TBR,-0.4,0,0,-0.1,0,0,0,-4.48,0,0,-11.55,0,0,0
381,Garrett Richards,BOS,-0.4,0,0,0,0,0,0,-6.07,0,0,0,0,0,0
382,Adbert Alzolay,CHC,-0.4,-0.7,0.0,-0.2,0,0,0,-2.50,-8.95,-4.00,-8.62,0,0,0
383,Kyle Farmer,CIN,-0.4,-1.0,0.7,1.0,-1.4,-0.3,0,-0.28,-1.28,5.17,2.81,-9.33,-13.05,0
384,Pavin Smith,ARI,-0.5,-0.6,0.2,0.0,2.6,0.5,0,-0.20,-0.59,0.76,0.12,3.80,7.82,0
385,Robbie Ray,TOR,-0.5,0,0,0,0,0,0,-5.82,0,0,0,0,0,0
386,Kurt Suzuki,LAA,-0.5,-1.2,0.3,0.2,-2.3,0,0,-0.37,-1.94,2.25,1.27,-7.97,0,0
387,John Curtiss,MIA,-0.5,0,0,0,0,0,0,-6.81,0,0,0,0,0,0
388,Ian Anderson,ATL,-0.5,-0.1,-0.3,-0.3,0,0,0,-2.08,-6.69,-8.81,-13.51,0,0,0
389,Jose De Leon,CIN,-0.5,0.0,0,0,0,0,0,-4.46,0.28,0,0,0,0,0
390,Ronald Torreyes,PHI,-0.5,0.0,0,0,0.0,0,0,-3.78,-0.16,0,0,-1.83,0,0
391,JaCoby Jones,DET,-0.5,-4.2,0.6,-0.2,-1.5,-0.2,0,-0.39,-4.87,7.00,-0.61,-5.70,-6.02,0
392,Ke'Bryan Hayes,PIT,-0.5,0.0,0.1,0.0,1.4,0,0,-2.54,1.58,2.88,-0.17,136.86,0,0
393,Austin Gomber,COL,-0.5,-0.8,-0.1,-0.3,0.0,0,0,-1.66,-12.72,-3.22,-5.02,1.36,0,0
394,Tyler Glasnow,TBR,-0.5,0,0,0,0,0,0,-5.16,0,0,0,0,0,0
395,Grayson Greiner,DET,-0.5,0.4,-0.9,-0.1,-0.1,-0.3,0,-0.75,0.83,-8.70,-0.53,-0.66,-8.41,0
396,Jon Lester,WSN,-0.5,0,-0.3,0.0,0,0,0,-5.76,0,-13.88,2.03,0,0,0
397,Brent Suter,MIL,-0.5,-0.3,0,-0.2,0,0,0,-4.72,-8.54,0,-11.22,0,0,0
398,Craig Stammen,SDP,-0.5,0.3,0,0,0,0,0,-8.68,7.64,0,0,0,0,0
399,Logan Webb,SFG,-0.5,-0.8,-0.1,0.0,0,0,0,-1.84,-8.96,-2.74,-1.15,0,0,0
400,Paul Campbell,MIA,-0.5,0.0,0,0,0,0,0,-4.94,2.72,0,0,0,0,0
401,Luis Garcia,HOU,-0.5,0,0,0,0,0,0,-13.64,0,0,0,0,0,0
402,Bruce Zimmermann,BAL,-0.5,0.0,0,0,0,0,0,-6.10,2.03,0,0,0,0,0
403,Jhoulys Chacin,COL,-0.6,-0.2,0,-0.2,0,0,0,-6.91,-9.64,0,-3.95,0,0,0
404,Freddie Freeman,ATL,-0.6,-1.8,-0.3,2.7,4.2,0.3,0,-0.19,-1.95,-0.44,7.42,5.52,2.37,0
405,Shogo Akiyama,CIN,-0.6,-0.2,0,-0.2,0.4,0,0,-5.60,-3.17,0,-5.91,14.07,0,0
406,Joshua Palacios,TOR,-0.6,-1.1,0.4,0.4,0.6,-0.3,0,-0.67,-3.51,8.80,3.20,30.26,-12.58,0
407,Taylor Jones,HOU,-0.6,0.2,-0.1,0.2,0,-0.1,0,-4.41,2.94,-0.87,7.87,0,-4.55,0
408,Mike Minor,KCR,-0.6,-0.1,0,0,0,0,0,-8.43,-7.01,0,0,0,0,0
409,Kevin Gausman,SFG,-0.6,-0.5,0.5,-0.3,-0.6,0,0,-2.04,-17.42,47.89,-3.70,-11.15,0,0
410,Kyle Tucker,HOU,-0.6,1.5,1.2,-0.7,-1.2,-1.2,0,-0.23,1.18,3.74,-1.20,-1.80,-11.77,0
411,Sheldon Neuse,LAD,-0.6,-1.8,-0.8,0.2,0.7,-0.1,0,-1.05,-5.04,-5.89,1.84,3.29,-4.52,0
412,Alex De Goti,HOU,-0.6,0.5,0.3,0.2,0,-0.2,0,-5.89,12.94,9.28,3.95,0,-16.74,0
413,Matt Moore,PHI,-0.7,-0.2,0,-0.2,0,0,0,-5.46,-7.48,0,-16.74,0,0,0
414,Harold Castro,DET,-0.7,0.6,0.2,-0.4,-0.1,-0.3,0,-0.71,2.80,1.55,-1.17,-0.56,-6.29,0
415,Rodolfo Castro,PIT,-0.7,0.0,0,0,0,0,0,-13.39,-0.99,0,0,0,0,0
416,Tim Locastro,ARI,-0.7,-2.6,-0.1,-0.1,0.8,0,0,-0.51,-3.66,-0.36,-1.07,5.37,0,0
417,Dexter Fowler,LAA,-0.7,0.1,-0.2,0.2,-0.3,-0.3,0,-1.72,0.71,-4.30,3.41,-2.19,-8.81,0
418,Odubel Herrera,PHI,-0.7,-1.4,2.5,-0.6,-0.9,0.1,0,-0.75,-4.50,21.23,-2.53,-4.87,3.84,0
419,Johan Oviedo,STL,-0.7,-0.1,0.5,-0.2,0,0,0,-5.30,-3.74,47.89,-4.02,0,0,0
420,Dustin May,LAD,-0.7,-0.1,0,-0.2,0,0,0,-6.33,-2.32,0,-16.74,0,0,0
421,Aaron Nola,PHI,-0.7,-1.1,-0.4,0.1,-0.1,0,0,-1.91,-8.03,-19.60,2.71,-5.69,0,0
422,Manny Pina,MIL,-0.7,-0.3,0.8,-0.5,-0.2,-0.2,0,-0.84,-0.80,10.43,-3.53,-2.83,-9.03,0
423,Francisco Lindor,NYM,-0.7,-0.7,-1.5,0.0,2.0,-0.2,0,-0.27,-0.94,-4.27,0.00,2.36,-17.25,0
424,Johnny Cueto,SFG,-0.7,-0.4,0,0.0,0,0,0,-4.76,-10.16,0,1.01,0,0,0
425,Andy Ibanez,TEX,-0.7,-0.3,0.2,0,-0.1,0,0,-5.51,-3.11,8.76,0,-6.39,0,0
426,Jordan Holloway,MIA,-0.7,0,0.0,0,0,0,0,-5.60,0,0.00,0,0,0,0
427,Michael Chavis,BOS,-0.7,-0.2,0.8,-0.4,1.3,0,0,-4.91,-21.32,8.91,-17.76,64.16,0,0
428,Christian Vazquez,BOS,-0.7,-4.4,1.8,0.6,-0.2,0.6,0,-0.28,-6.45,4.62,1.63,-0.31,6.95,0
429,Yadiel Hernandez,WSN,-0.8,-0.8,1.2,-1.6,0.9,0.1,0,-0.83,-2.12,7.35,-4.19,3.77,0.94,0
430,Hanser Alberto,KCR,-0.8,-1.2,-0.6,-0.2,0.5,0,0,-0.73,-1.82,-4.99,-0.63,1.49,0,0
431,Jonathan Villar,NYM,-0.8,-0.9,-0.3,0.6,1.6,-0.2,0,-0.51,-2.10,-4.21,1.97,2.79,-3.72,0
432,Andrew Stevenson,WSN,-0.8,-2.7,-0.1,0.2,2.4,-0.2,0,-0.84,-5.46,-0.74,0.63,7.65,-6.19,0
433,Ryan McKenna,BAL,-0.8,-0.1,0.4,0.7,-0.4,0,0,-1.71,-0.90,4.69,12.21,-1.67,0,0
434,Chas McCormick,HOU,-0.8,-0.2,0.3,0.1,-0.5,0.0,0,-1.21,-0.71,1.80,0.97,-4.74,3.19,0
435,Sandy Alcantara,MIA,-0.8,-0.9,-0.3,-0.8,-0.2,0,0,-1.57,-12.37,-6.54,-5.43,-5.65,0,0
436,Orlando Arcia,MIL,-0.8,-0.8,0,-0.4,0,0,0,-3.64,-5.19,0,-8.42,0,0,0
437,Michael Pineda,MIN,-0.8,-0.2,0,0,0,0,0,-10.58,-18.77,0,0,0,0,0
438,Billy McKinney,MIL,-0.8,-1.8,0.5,-1.6,1.0,-0.2,0,-0.39,-2.70,2.60,-3.29,2.27,-3.88,0
439,Jorge Alfaro,MIA,-0.9,0.7,-0.2,-0.4,-0.6,0,0,-1.21,2.88,-2.01,-2.36,-4.79,0,0
440,Charlie Morton,ATL,-0.9,0,0.0,-0.2,-0.2,0,0,-4.01,0,3.39,-6.18,-11.22,0,0
441,Anthony Bemboom,LAA,-0.9,0.2,0.0,-1.0,0.3,0,0,-2.29,5.67,1.70,-6.52,3.92,0,0
442,Erick Fedde,WSN,-0.9,-0.2,-0.2,0.0,0.0,0,0,-2.90,-9.38,-18.14,2.72,-0.20,0,0
443,Abraham Toro,HOU,-0.9,-1.4,0,-0.1,-0.3,0,0,-4.30,-11.58,0,-0.61,-3.68,0,0
444,Eddie Rosario,CLE,-0.9,-1.1,-1.2,0.1,-0.6,0.3,0,-0.43,-1.01,-7.80,0.20,-0.95,10.41,0
445,Carlos Martinez,STL,-0.9,-1.1,0,-0.2,0,0,0,-3.49,-7.01,0,-6.59,0,0,0
446,Anderson Tejeda,TEX,-0.9,-0.8,-0.4,-0.5,-0.5,0,0,-5.35,-8.41,-3.90,-2.33,-6.68,0,0
447,Seth Brown,OAK,-0.9,2.8,-0.8,1.0,0.3,0.1,0,-0.69,5.43,-4.02,2.58,1.38,0.45,0
448,Freddy Peralta,MIL,-0.9,-1.0,0,0,0,0,0,-2.95,-13.78,0,0,0,0,0
449,Magneuris Sierra,MIA,-0.9,-0.5,-0.3,-0.7,-0.9,-0.1,0,-1.17,-1.89,-25.32,-6.72,-4.12,-2.62,0
450,Jonathan Lucroy,WSN,-0.9,0.0,0.1,0.8,0.3,0,0,-2.97,-0.25,7.00,10.80,14.64,0,0
451,Edmundo Sosa,STL,-0.9,0.4,0.1,0,-0.5,0,0,-3.87,2.08,1.38,0,-8.41,0,0
452,Josh Donaldson,MIN,-0.9,-0.1,0.0,-0.3,4.7,0.0,0,-0.63,-0.17,0.16,-2.33,11.08,0.67,0
453,Hernan Perez,WSN,-0.9,-0.5,-0.2,-1.5,-0.2,0,0,-2.41,-3.52,-5.75,-8.39,-1.80,0,0
454,Alex Dickerson,SFG,-1.0,-0.4,0.6,-0.5,-0.9,-0.4,0,-0.63,-0.49,2.75,-2.17,-1.94,-7.27,0
455,Wilson Ramos,DET,-1.0,1.5,0.4,0.0,-0.5,1.2,0,-0.56,1.27,2.97,-0.20,-2.20,13.58,0
456,Ryan Weathers,SDP,-1.0,-0.8,0.1,0.0,0,0,0,-5.19,-15.28,3.60,0.00,0,0,0
457,Alex Wood,SFG,-1.0,-0.5,0,0.0,0.0,0,0,-2.83,-5.79,0,2.72,0.46,0,0
458,Daniel Johnson Jr.,CLE,-1.0,-0.4,0,0.0,-0.9,0,0,-4.77,-6.79,0,0.86,-8.28,0,0
459,Juan Lagares,LAA,-1.0,0.2,0.3,0.3,-0.8,0,0,-4.78,1.69,3.46,5.80,-7.42,0,0
460,Sonny Gray,CIN,-1.0,-0.1,0,-0.1,0,0.0,0,-4.57,-2.40,0,-11.55,0,4.48,0
461,Mitch Keller,PIT,-1.0,0.0,0,0.0,0.0,0,0,-4.39,-1.83,0,2.03,0.00,0,0
462,Zach Davies,CHC,-1.0,-0.3,0,0,0.0,0,0,-4.40,-8.88,0,0,-4.00,0,0
463,Renato Nunez,DET,-1.0,1.1,-0.5,-0.3,-0.5,0,0,-2.23,3.11,-6.81,-9.37,-2.98,0,0
464,Harrison Bader,STL,-1.0,-0.2,0,1.6,-0.2,0,0,-1.51,-0.28,0,11.08,-1.69,0,0
465,Riley Smith,ARI,-1.0,-0.4,-0.2,0.1,0,0,0,-4.11,-10.30,-24.05,2.61,0,0,0
466,Vince Velasquez,PHI,-1.0,0.4,-0.2,0.1,-0.2,0,0,-4.49,6.13,-16.74,3.29,-18.14,0,0
467,Ender Inciarte,ATL,-1.0,0.2,0.0,0.1,0.4,0,0,-2.23,1.80,1.07,1.54,6.14,0,0
468,Tucupita Marcano,SDP,-1.1,0.3,0,0.0,-0.2,0,0,-2.85,2.69,0,-1.02,-4.43,0,0
469,John Gant,STL,-1.1,-0.2,-0.3,-0.2,-0.1,0,0,-9.60,-21.32,-4.78,-8.62,-13.58,0,0
470,Daniel Castano,MIA,-1.1,0,0,0,0,0,0,-8.95,0,0,0,0,0,0
471,Bryse Wilson,ATL,-1.1,-0.3,-0.4,-0.2,0,0,0,-5.43,-13.51,-18.36,-16.74,0,0,0
472,Austin Nola,SDP,-1.1,-0.2,-0.3,-0.2,0.6,-0.1,0,-2.12,-1.03,-5.58,-5.06,8.05,-2.37,0
473,Trevor Larnach,MIN,-1.1,0.8,0,0.1,-0.4,0,0,-6.90,25.05,0,9.15,-3.29,0,0
474,Darin Ruf,SFG,-1.1,2.1,-0.1,0.4,-0.1,1.3,0,-0.78,3.39,-0.66,2.11,-0.52,22.22,0
475,Blake Snell,SDP,-1.1,-0.2,-0.3,0.0,0,0,0,-7.00,-7.25,-11.33,2.72,0,0,0
476,Alec Mills,CHC,-1.1,-0.2,0,0,0,0,0,-5.92,-4.33,0,0,0,0,0
477,Aledmys Diaz,HOU,-1.1,1.3,-1.9,1.5,1.1,-0.4,0,-0.89,2.26,-8.12,5.63,4.11,-12.58,0
478,Aaron Sanchez,SFG,-1.1,-0.5,-0.1,-0.2,-0.4,0,0,-5.46,-11.74,-2.10,-16.74,-9.38,0,0
479,German Marquez,COL,-1.2,-0.5,-0.3,-0.5,0.0,0,0,-6.47,-9.02,-16.25,-7.81,-1.60,0,0
480,Trevor Williams,CHC,-1.2,-0.6,0,0,0.7,0,0,-3.80,-8.08,0,0,21.98,0,0
481,Drew Smyly,ATL,-1.2,0,-0.1,-0.4,0,0,0,-5.62,0,-2.18,-9.62,0,0,0
482,Jose Trevino,TEX,-1.2,-0.5,0.4,0.0,-3.3,-0.6,0,-0.89,-0.64,1.50,0.11,-6.19,-11.13,0
483,Jake Arrieta,CHC,-1.2,-0.1,-0.5,-0.2,0.0,-0.1,0,-4.27,-4.91,-5.80,-4.69,-1.83,-5.69,0
484,Johan Camargo,ATL,-1.2,-0.9,-0.3,-0.3,0.0,0,0,-3.46,-8.74,-16.08,-4.46,0.50,0,0
485,Dustin Fowler,PIT,-1.2,-1.1,-0.1,-1.4,0.2,-0.2,0,-1.34,-5.60,-0.78,-4.90,0.78,-4.81,0
486,Zach Eflin,PHI,-1.2,-0.4,-0.4,-0.7,-0.1,0,0,-3.52,-5.90,-4.50,-6.61,-5.69,0,0
487,Wil Myers,SDP,-1.2,3.1,-0.2,-0.1,-0.9,0.7,0,-0.52,2.12,-1.42,-0.21,-2.92,11.75,0
488,Jon Gray,COL,-1.2,-0.2,1.1,-0.6,0,0,0,-3.65,-2.43,13.88,-7.47,0,0,0
489,Ben Rortvedt,MIN,-1.3,-0.2,-0.3,-0.1,-0.5,0,0,-3.24,-0.95,-5.66,-1.13,-3.63,0,0
490,Tyler O'Neill,STL,-1.3,3.6,-0.4,-0.6,-0.2,0.2,0,-0.79,4.28,-3.27,-2.11,-1.03,5.82,0
491,Zac Gallen,ARI,-1.3,0.0,0,-0.3,0,0,0,-3.52,0.33,0,-10.31,0,0,0
492,Taylor Trammell,SEA,-1.3,-0.2,1.1,-0.1,-2.0,-0.6,0,-0.70,-0.32,4.20,-0.26,-3.00,-4.85,0
493,Michael Conforto,NYM,-1.3,2.0,1.2,-0.6,-0.7,1.5,0,-0.51,2.65,4.83,-1.23,-0.91,75.15,0
494,Justin Williams,STL,-1.3,-2.3,0.3,-0.6,1.3,-0.7,0,-0.83,-4.94,1.15,-1.53,3.13,-6.13,0
495,DJ Peters,LAD,-1.3,0.7,-0.2,0.2,0.1,0.1,0,-3.29,74.61,-21.25,8.12,3.10,9.15,0
496,John Nogowski,STL,-1.3,-0.5,-0.2,0.0,0.1,-0.2,0,-5.06,-5.16,-2.90,0.27,3.84,-8.05,0
497,Max Kepler,MIN,-1.3,0.4,0.1,-1.4,0.4,-0.1,0,-0.74,0.65,0.87,-3.62,0.71,-2.19,0
498,Rowdy Tellez,TOR,-1.3,-0.4,-0.9,0.4,-1.4,-0.4,0,-0.88,-1.01,-7.17,1.46,-2.66,-7.28,0
499,Alex Avila,WSN,-1.3,0.3,-0.8,0.5,0.2,0,0,-3.12,1.55,-5.36,4.81,0.95,0,0
500,Phil Gosselin,LAA,-1.4,0.2,0.9,0.0,0.2,0,0,-2.88,0.58,9.06,1.00,3.39,0,0
501,Miguel Andujar,NYY,-1.4,-0.3,-0.3,-0.2,0,0,0,-6.47,-4.97,-33.31,-16.74,0,0,0
502,Austin Hedges,CLE,-1.4,-2.9,0.8,0.0,-0.5,-0.4,0,-1.47,-6.12,12.01,-0.45,-10.69,-6.42,0
503,Jose Devers,MIA,-1.4,0.0,0.0,0.0,0.1,-0.4,0,-4.43,-4.00,1.01,0.05,0.66,-4.20,0
504,David Dahl,TEX,-1.4,-1.7,-0.4,0.8,0.5,-1.1,0,-0.68,-1.82,-1.71,1.63,0.80,-6.76,0
505,Jon Jay,LAA,-1.4,-0.3,0,0.5,0.5,0,0,-4.77,-3.13,0,24.96,50.61,0,0
506,Brandon Belt,SFG,-1.4,2.2,1.4,4.5,-1.0,0,0,-0.52,1.82,5.10,7.83,-1.76,0,0
507,Pablo Reyes,MIL,-1.4,-0.9,0.7,-0.3,-0.2,0.1,0,-3.35,-3.21,23.83,-5.39,-1.57,9.65,0
508,Jonah Heim,TEX,-1.4,-0.7,0.2,-1.0,-2.4,-0.2,0,-1.13,-2.32,1.21,-4.32,-8.36,-3.70,0
509,Mickey Moniak,PHI,-1.4,-1.0,0,-0.3,0.7,-0.4,0,-3.26,-3.38,0,-3.53,3.25,-13.06,0
510,Alex Jackson,ATL,-1.4,-0.3,-0.3,-0.6,-0.7,0,0,-2.62,-2.39,-5.48,-3.90,-8.34,0,0
511,D.J. Stewart,BAL,-1.4,-0.2,-0.6,-0.4,1.8,-0.3,0,-0.69,-0.56,-3.41,-1.02,4.27,-7.93,0
512,Tommy La Stella,SFG,-1.4,0.3,-0.3,-0.1,2.0,0.0,0,-0.78,0.57,-1.57,-0.60,4.59,-0.44,0
513,Austin Romine,CHC,-1.4,0.6,-0.2,0,-0.2,0,0,-9.62,18.89,-4.85,0,-15.63,0,0
514,Ben Gamel,- - -,-1.4,-0.8,-0.1,0.0,-0.5,0,0,-2.73,-4.12,-7.13,-1.54,-5.92,0,0
515,David Peterson,NYM,-1.4,0,0,-0.5,-0.4,0,0,-4.99,0,0,-5.91,-6.28,0,0
516,Anthony DeSclafani,SFG,-1.5,-1.2,0,0.0,-0.2,0,0,-3.22,-9.25,0,0.74,-18.14,0,0
517,Roberto Perez,CLE,-1.5,0.0,-0.2,-1.6,0.1,-0.1,0,-0.87,0.02,-1.46,-5.78,0.43,-2.71,0
518,Victor Caratini,SDP,-1.5,1.0,-0.4,0.7,-0.2,-0.2,0,-0.93,1.41,-2.51,1.53,-0.28,-4.51,0
519,Marcell Ozuna,ATL,-1.5,-3.7,0.3,-1.7,-0.2,0.1,0,-0.53,-3.56,0.79,-3.01,-0.32,3.39,0
520,Hunter Renfroe,BOS,-1.5,2.0,-1.3,1.0,-2.3,-0.2,-0.1,-0.78,2.34,-4.54,2.84,-4.52,-3.43,-4.85
521,Clayton Kershaw,LAD,-1.5,-0.2,0.4,0.9,0,0,0,-4.29,-4.81,3.58,13.38,0,0,0
522,Austin Barnes,LAD,-1.5,-0.8,-0.3,-0.1,-0.2,0,0,-1.08,-1.38,-1.16,-0.28,-4.45,0,0
523,Myles Straw,HOU,-1.5,0.7,-2.2,-1.8,-0.5,-0.4,0,-0.48,0.76,-4.77,-3.76,-0.92,-13.74,0
524,Luis Torrens,SEA,-1.5,-1.9,0.3,0.7,-1.7,-0.4,0,-0.97,-2.40,2.09,2.27,-5.54,-9.00,0
525,Geraldo Perdomo,ARI,-1.5,0.4,0,0.3,-0.4,0,0,-5.88,4.09,0,5.35,-7.94,0,0
526,Manny Machado,SDP,-1.5,1.0,0.6,0.2,1.3,-0.6,0,-0.56,0.60,2.69,0.48,3.30,-8.27,0
527,Alex Blandino,CIN,-1.5,2.1,-0.8,1.2,0.0,0.2,0,-1.41,5.10,-14.01,6.92,-0.64,4.09,0
528,Aaron Hicks,NYY,-1.5,0.3,-1.1,-1.3,-0.7,1.1,0,-0.62,0.70,-2.86,-1.99,-0.84,9.80,0
529,Luis Castillo,CIN,-1.5,0.0,0,0.9,0,-0.2,0,-9.67,0.08,0,85.67,0,-11.22,0
530,Sebastian Rivero,KCR,-1.6,0.5,0,0,0,0,0,-9.74,5.40,0,0,0,0,0
531,James McCann,NYM,-1.6,-1.9,-2.7,0.2,-2.0,0.0,0,-0.72,-3.19,-9.46,1.39,-9.79,-0.32,0
532,Joe Panik,TOR,-1.6,0.4,-1.2,-0.7,-0.4,0.0,0,-1.38,1.28,-10.16,-3.12,-1.53,0.24,0
533,Vimael Machin,OAK,-1.6,-0.5,-0.9,-0.4,-0.2,-0.6,0,-4.74,-3.01,-10.54,-4.54,-4.74,-31.94,0
534,Julio Urias,LAD,-1.6,-0.5,0,-0.1,0,0,0,-4.50,-7.53,0,-4.24,0,0,0
535,Chad Kuhl,PIT,-1.6,0.0,0,0,0,0,0,-13.17,2.03,0,0,0,0,0
536,Albert Pujols,LAA,-1.6,-3.2,0.8,-0.3,-0.7,-0.2,0,-0.94,-2.82,9.69,-0.86,-2.29,-18.77,0
537,Starlin Castro,WSN,-1.6,3.7,-0.9,0.0,-1.1,0,0,-0.68,3.57,-3.53,0.00,-2.80,0,0
538,Charlie Culberson,TEX,-1.6,1.7,1.6,-0.6,1.1,-0.3,0,-1.13,2.71,4.81,-1.85,2.10,-3.62,0
539,Jose Marmolejos,SEA,-1.6,-0.9,1.4,-0.3,0.1,0.3,0,-0.96,-3.05,8.67,-0.88,0.16,2.57,0
540,Luis Rengifo,LAA,-1.6,-0.1,-0.1,0,-1.0,0,0,-4.93,-1.23,-2.60,0,-9.77,0,0
541,Sandy Leon,MIA,-1.6,0.5,-0.5,-0.6,-1.7,0.0,0,-1.54,2.07,-3.93,-3.75,-4.79,-0.31,0
542,Mike Ford,NYY,-1.6,-0.5,-0.1,-0.4,0.2,-0.1,0,-1.89,-2.55,-1.06,-1.16,0.74,-3.22,0
543,Trevor Bauer,LAD,-1.7,-0.2,-0.1,-0.1,0,0,0,-3.46,-2.87,-4.85,-6.78,0,0,0
544,Chase Anderson,PHI,-1.7,-0.6,0.0,0,0.0,0,0,-6.64,-5.86,-4.00,0,1.98,0,0
545,Gary Sanchez,NYY,-1.7,1.5,0.3,-0.4,0.8,-0.1,0,-0.92,2.30,0.62,-1.03,2.56,-4.76,0
546,Tony Wolters,CHC,-1.7,0.2,0.1,0.1,-0.4,-0.2,0,-2.62,1.41,1.73,0.70,-4.40,-21.96,0
547,Yu Darvish,SDP,-1.7,-1.5,0,-0.8,-0.1,0,0,-5.24,-10.52,0,-6.99,-5.69,0,0
548,Brent Rooker,MIN,-1.7,-1.2,-0.2,-0.2,-0.3,0,0,-2.95,-3.88,-1.52,-4.55,-3.72,0,0
549,Brett Anderson,MIL,-1.7,0,0.3,-0.2,-0.8,0,0,-8.18,0,27.40,-7.48,-38.48,0,0
550,Antonio Senzatela,COL,-1.7,-0.2,0.0,-0.4,-0.2,0,0,-6.94,-4.34,0.00,-5.94,-16.74,0,0
551,Scott Schebler,LAA,-1.8,-1.7,-0.1,-0.4,0.8,0,0,-4.76,-9.91,-2.81,-2.15,6.65,0,0
552,Eric Sogard,CHC,-1.8,0.2,0.1,-0.8,0.6,0.6,0,-1.15,1.20,1.95,-2.48,1.80,56.30,0
553,Cam Gallagher,KCR,-1.8,0.0,-0.3,-0.2,-0.4,0.0,0,-6.35,0.11,-10.00,-1.19,-8.96,2.72,0
554,Andres Gimenez,CLE,-1.8,0.3,-0.4,-1.4,-1.0,-0.2,0,-1.10,0.57,-5.61,-3.43,-2.80,-3.61,0
555,Kyle Isbel,KCR,-1.8,0.9,-0.9,-0.4,1.9,0,0,-2.16,4.47,-8.27,-1.57,12.63,0,0
556,Marcus Stroman,NYM,-1.8,0.0,0.6,-0.7,-0.2,0,0,-6.00,-1.83,27.62,-6.76,-9.38,0,0
557,Chris Paddack,SDP,-1.8,-0.3,-0.3,0,0,0,0,-7.22,-6.45,-5.56,0,0,0,0
558,Tyler Anderson,PIT,-1.8,-0.6,-0.4,0.1,-0.4,0,0,-5.72,-8.59,-6.08,0.95,-11.82,0,0
559,Andrew McCutchen,PHI,-1.8,-0.7,1.2,2.4,-0.5,0.0,0,-0.65,-0.53,4.03,5.25,-1.19,-0.06,0
560,Max Stassi,LAA,-1.8,-0.3,-0.1,0.5,1.1,0,0,-2.43,-0.96,-1.67,5.89,9.66,0,0
561,Josh VanMeter,ARI,-1.9,0.7,1.6,-0.3,-0.5,0.0,0,-1.33,1.18,7.94,-1.11,-0.96,-1.60,0
562,Alan Trejo,COL,-1.9,-0.5,0.0,0.3,0.2,0,0,-4.48,-2.46,-0.22,3.75,1.63,0,0
563,Travis Shaw,MIL,-1.9,0.1,2.1,1.9,-0.1,0.1,0,-0.66,0.06,7.78,3.19,-0.21,9.15,0
564,Tyler Mahle,CIN,-1.9,-1.0,0,0.3,0,0,0,-4.75,-14.64,0,6.50,0,0,0
565,Max Scherzer,WSN,-1.9,-0.3,0,-0.2,-0.2,0,0,-7.39,-5.39,0,-16.11,-3.37,0,0
566,Adam Wainwright,STL,-1.9,-1.1,-0.1,-0.2,-0.1,0,0,-9.18,-9.97,-5.20,-3.00,-11.55,0,0
567,William Contreras,ATL,-1.9,1.7,0.1,-0.6,-0.5,-0.3,0,-2.93,9.04,1.15,-3.26,-13.70,-6.61,0
568,Joe Musgrove,SDP,-2.0,-0.2,-0.2,0.0,0.0,0.0,0,-5.95,-2.37,-8.05,-0.32,-0.64,3.19,0
569,Scott Kingery,PHI,-2.0,-0.3,0.0,0.1,-0.5,0,0,-6.88,-2.84,0.52,3.69,-8.66,0,0
570,Ronald Guzman,TEX,-2.0,0.1,1.2,-0.5,-0.8,0,0,-5.55,1.30,19.59,-4.32,-9.65,0,0
571,Jay Bruce,NYY,-2.0,-1.1,-0.8,-0.7,1.2,-0.2,0,-2.36,-4.92,-4.25,-4.87,5.63,-8.18,0
572,Miguel Cabrera,DET,-2.0,-2.9,-1.2,0.4,-0.6,-0.7,0,-1.18,-3.31,-6.69,1.00,-2.03,-7.33,0
573,Walker Buehler,LAD,-2.1,-0.7,-0.3,-0.2,0.0,0,0,-4.28,-8.92,-6.61,-10.63,2.72,0,0
574,Mike Brosseau,TBR,-2.1,-1.1,-1.2,2.4,-0.9,0,0,-1.24,-1.77,-3.37,7.15,-1.85,0,0
575,Trevor Rogers,MIA,-2.1,-0.1,-0.5,0.0,-0.5,0,0,-8.13,-4.81,-6.81,2.72,-5.68,0,0
576,Brett Gardner,NYY,-2.1,0.1,-1.3,-0.9,0.5,-0.1,0,-1.17,0.38,-3.55,-2.60,1.55,-1.78,0
577,Eli White,TEX,-2.1,-1.3,-2.0,-0.5,-1.0,-0.5,0,-1.93,-2.93,-5.96,-2.23,-3.14,-13.57,0
578,Adam Duvall,MIA,-2.1,0.6,0.4,1.4,-2.5,-0.5,0,-0.95,0.43,2.02,2.90,-4.29,-10.10,0
579,Jacob Nottingham,MIL,-2.1,1.1,0.0,1.1,0.6,0,0,-5.36,17.86,-0.22,22.75,10.74,0,0
580,Marwin Gonzalez,BOS,-2.2,-1.9,0.7,0.8,-0.7,0.2,0,-0.94,-2.85,2.49,1.24,-0.81,1.35,0
581,Manuel Margot,TBR,-2.2,-0.4,-0.5,-0.1,2.9,-0.3,0,-0.93,-0.48,-2.13,-0.17,5.74,-8.54,0
582,Billy Hamilton,CHW,-2.2,-0.9,0.2,-0.3,0.0,-0.2,0,-4.24,-4.24,3.12,-2.73,1.07,-10.98,0
583,Gleyber Torres,NYY,-2.3,-0.8,-1.9,0.8,0.7,0.2,0,-0.85,-0.77,-2.56,1.43,1.05,4.59,0
584,Mauricio Dubon,SFG,-2.3,1.8,0.1,-2.0,-0.6,0.0,0,-1.89,3.01,0.56,-7.91,-2.44,0.61,0
585,Jose Abreu,CHW,-2.3,5.5,-1.4,-1.2,1.0,-0.3,0,-0.78,3.32,-6.17,-1.84,3.08,-1.99,0
586,Daniel Robertson,MIL,-2.3,-0.7,-0.4,-0.9,-1.2,0,0,-2.64,-1.71,-3.22,-4.78,-9.67,0,0
587,Rio Ruiz,BAL,-2.4,-1.3,-0.4,-0.1,-2.4,0.0,0,-1.30,-2.11,-2.00,-0.25,-4.87,0.00,0
588,Andrew Knizner,STL,-2.4,-0.3,0.3,-0.3,0.4,-0.4,0,-2.08,-0.65,2.79,-1.37,1.90,-19.25,0
589,Taijuan Walker,NYM,-2.5,-0.5,-0.4,-0.2,0,0,0,-6.67,-4.27,-6.22,-8.02,0,0,0
590,Nomar Mazara,DET,-2.5,0.1,-0.6,-1.6,2.1,0.6,0,-2.71,0.40,-6.07,-4.33,7.16,10.18,0
591,Todd Frazier,PIT,-2.5,-0.9,-0.3,0.6,-0.1,-0.3,0,-3.12,-2.07,-8.34,4.78,-0.87,-4.94,0
592,Nick Ahmed,ARI,-2.5,-0.1,-1.5,0.7,0.5,0,0,-1.39,-0.09,-4.98,3.01,1.39,0,0
593,Sam Hilliard,COL,-2.6,-0.1,-0.6,-1.0,1.7,-0.4,0,-3.47,-0.78,-3.57,-6.67,10.22,-7.00,0
594,Luis Campusano,SDP,-2.6,-2.1,-0.1,-0.3,0.0,-0.2,0,-3.19,-6.80,-2.34,-1.99,0.00,-3.42,0
595,Kyle Hendricks,CHC,-2.6,-0.1,-0.1,0,0.0,0,0,-8.68,-1.39,-5.69,0,3.19,0,0
596,Mike Tauchman,- - -,-2.6,-0.3,0.9,1.5,0.7,-0.3,0,-1.74,-0.64,4.47,3.52,3.78,-10.43,0
597,Maikel Franco,BAL,-2.6,0.5,1.5,-0.6,-2.7,-0.4,0,-1.21,0.37,3.80,-1.19,-3.85,-6.19,0
598,Jacob Stallings,PIT,-2.7,2.1,3.7,-1.8,2.5,0.2,0,-1.13,2.35,14.61,-5.39,7.26,5.34,0
599,Anthony Alford,PIT,-2.7,0.5,0.3,0.1,-1.7,0,0,-3.66,3.22,2.16,0.56,-9.61,0,0
600,Bo Bichette,TOR,-2.8,2.6,0.9,1.7,0.6,-0.3,0,-0.96,1.85,1.70,2.86,1.18,-31.11,0
601,Albert Almora Jr.,NYM,-2.8,-0.6,-0.3,-0.1,-0.4,0.0,0,-5.77,-3.65,-7.11,-1.24,-6.00,3.39,0
602,Victor Reyes,DET,-2.8,0.2,-0.3,-1.0,-1.1,-0.5,0,-1.90,0.59,-1.39,-2.99,-6.84,-6.96,0
603,Sam Haggerty,SEA,-2.9,1.0,-0.9,0.7,-0.7,-0.5,0,-1.94,3.16,-5.33,3.37,-1.59,-10.36,0
604,Merrill Kelly,ARI,-2.9,-0.4,0,-0.1,-0.2,0,0,-7.04,-9.13,0,-7.36,-4.20,0,0
605,Clint Frazier,NYY,-2.9,-0.8,-1.3,1.1,-1.5,0.3,0,-1.23,-1.06,-2.40,2.95,-2.76,8.34,0
606,Stephen Piscotty,OAK,-3.0,-0.2,0.6,0.0,1.2,-0.1,0,-2.20,-0.21,1.73,-0.11,4.00,-2.07,0
607,Mike Moustakas,CIN,-3.0,-0.1,0.5,0.7,1.1,-0.2,0,-1.75,-0.20,2.24,1.61,2.51,-1.71,0
608,Chance Sisco,BAL,-3.1,-1.6,-0.2,0.7,0.5,-0.2,0,-3.57,-9.72,-0.96,4.95,5.07,-7.69,0
609,Matt Joyce,PHI,-3.1,-0.7,0.3,0.0,0.4,0.2,0,-3.87,-2.52,1.75,0.26,1.94,4.72,0
610,Phillip Evans,PIT,-3.2,3.0,0.1,-0.6,1.4,0.2,0,-1.28,2.42,0.16,-1.41,5.13,4.08,0
611,Tommy Pham,SDP,-3.3,-1.5,-0.1,0.3,0.9,0.5,0,-1.28,-1.25,-0.54,0.78,3.72,8.03,0
612,Colin Moran,PIT,-3.3,5.2,0.5,-0.9,3.5,-0.3,0,-1.22,7.18,1.61,-2.32,6.67,-4.28,0
613,Michael A. Taylor,KCR,-3.3,0.8,-0.1,-1.1,-0.2,0.7,0,-1.43,0.79,-0.74,-2.07,-0.40,24.94,0
614,Franchy Cordero,BOS,-3.5,-0.8,1.5,-1.1,-1.3,0.0,-0.3,-1.99,-2.58,6.37,-4.64,-2.00,0.59,-8.81
615,Garrett Cooper,MIA,-3.5,-2.0,0.7,0.8,-1.6,-0.5,0,-1.53,-1.94,2.15,2.42,-3.44,-6.53,0
616,Jonathan Schoop,DET,-3.5,-2.7,-0.8,-2.1,1.0,-0.7,0,-1.35,-1.94,-2.89,-4.41,2.24,-9.13,0
617,Roman Quinn,PHI,-3.5,0.5,0.3,0.3,-0.1,0.0,0,-2.74,1.55,2.29,1.52,-0.28,4.48,0
618,Josh Fuentes,COL,-3.6,-0.6,-0.6,-1.8,-1.4,-0.2,0,-1.88,-1.14,-3.02,-5.59,-6.19,-5.44,0
619,Jose Iglesias,LAA,-3.7,1.6,1.0,-1.4,-2.1,-0.4,0,-1.74,1.37,3.58,-3.83,-3.75,-12.90,0
620,Eugenio Suarez,CIN,-3.7,-4.9,1.3,0.4,-0.5,-0.2,0,-1.20,-3.91,6.30,0.70,-0.87,-1.70,0
621,Edwin Rios,LAD,-3.8,-1.1,-0.3,0.2,-2.3,-0.4,0,-3.79,-1.68,-2.47,0.72,-9.12,-4.11,0
622,Yu-Cheng Chang,CLE,-3.8,-2.0,-0.8,-0.2,0.0,0.5,0,-3.25,-5.32,-4.72,-1.76,-0.10,9.06,0
623,Leody Taveras,TEX,-3.9,-0.8,-2.2,-0.5,-0.5,-0.1,0,-4.05,-3.69,-11.48,-1.41,-1.96,-2.22,0
624,Gavin Lux,LAD,-4.0,-0.4,-1.1,0.5,-0.5,0.5,0,-2.09,-0.62,-6.37,1.51,-1.02,6.83,0
625,Yoshi Tsutsugo,TBR,-4.0,-2.2,-1.1,-0.1,-0.3,0.8,0,-1.99,-4.16,-6.34,-0.36,-0.79,6.97,0
626,Ian Happ,CHC,-4.1,2.8,-1.0,-1.0,-0.9,0.7,0,-1.49,5.52,-3.28,-2.48,-1.33,13.15,0
627,Elias Diaz,COL,-4.1,0.4,-0.1,-2.6,-0.8,0,0,-4.95,1.15,-0.57,-9.05,-3.48,0,0
628,Justin Upton,LAA,-4.1,-0.8,0.8,2.9,0.3,-0.2,0,-1.67,-0.53,4.29,8.52,0.46,-8.37,0
629,Ha-seong Kim,SDP,-4.2,-2.0,0.2,1.3,0.2,-0.1,0,-2.40,-2.59,3.77,8.44,1.54,-1.56,0
630,Curt Casali,SFG,-4.2,-0.5,0.0,-0.6,1.2,0,0,-4.22,-0.75,-0.03,-2.95,5.04,0,0
631,Gregory Polanco,PIT,-4.2,-0.5,0.5,-1.5,1.7,0.5,0,-2.02,-0.82,2.15,-4.27,2.56,10.61,0
632,J.P. Crawford,SEA,-4.3,-1.7,0.9,-0.1,2.5,-0.6,0,-1.30,-2.63,3.80,-0.16,4.56,-4.69,0
633,Kevin Newman,PIT,-4.3,-0.9,-1.9,-1.5,1.5,-0.3,0,-2.18,-1.18,-5.88,-3.44,4.87,-4.20,0
634,Javier Baez,CHC,-4.4,6.8,1.4,0.1,1.8,-0.3,0,-2.19,5.41,4.33,0.25,3.74,-25.92,0
635,Hunter Dozier,KCR,-4.4,-0.9,-0.8,-0.8,-0.1,-1.0,0,-1.99,-0.88,-5.87,-1.41,-0.12,-14.42,0
636,Lourdes Gurriel Jr.,TOR,-4.5,-1.6,-2.2,1.0,-0.9,0.4,0,-2.02,-1.59,-5.48,1.92,-2.53,8.05,0
637,David Fletcher,LAA,-4.5,1.2,1.1,-1.0,-3.0,-0.2,0,-1.30,0.99,5.07,-2.56,-9.64,-8.02,0
638,Leury Garcia,CHW,-4.7,-0.5,-1.2,0.1,-1.8,0.3,0,-2.70,-1.08,-7.86,0.15,-3.87,3.07,0
639,Ty France,SEA,-4.8,-0.5,3.1,-0.3,4.0,-0.8,0,-1.50,-0.51,8.83,-0.66,6.93,-5.57,0
640,Martin Maldonado,HOU,-4.9,-1.7,-1.1,0.8,-1.5,-0.3,0,-2.69,-1.66,-5.45,1.88,-5.58,-6.78,0
641,Rougned Odor,NYY,-5.0,1.5,0.6,0.8,0.4,0,0,-3.49,3.06,2.05,2.67,1.70,0,0
642,Keston Hiura,MIL,-5.0,-0.8,2.1,-1.9,-0.6,-0.3,0,-2.82,-0.91,10.27,-6.64,-2.39,-7.29,0
643,Aramis Garcia,OAK,-5.0,-1.1,2.0,-0.3,-0.2,0,0,-4.68,-3.10,21.84,-3.56,-1.60,0,0
644,Jake Cave,MIN,-5.0,-1.2,0.2,1.8,0.2,0.5,0,-2.58,-2.68,1.89,3.66,0.33,3.99,0
645,Alec Bohm,PHI,-5.2,-0.8,0.1,-1.3,-0.1,0.7,0,-1.53,-0.65,0.50,-3.61,-0.26,18.58,0
646,Willi Castro,DET,-5.3,1.9,-2.1,-1.1,1.2,-0.6,0,-2.08,3.10,-8.95,-2.69,2.48,-2.05,0
647,Didi Gregorius,PHI,-5.3,0.0,-2.3,1.6,0.8,0.6,0,-2.03,-0.04,-8.05,3.92,1.53,4.48,0
648,Danny Jansen,TOR,-5.3,-2.6,0.2,0.5,-0.9,0.0,0,-2.86,-3.76,0.69,1.94,-2.63,3.19,0
649,Cristian Pache,ATL,-5.5,1.1,-0.5,-0.7,0.3,-0.5,0,-4.51,3.86,-1.51,-3.36,1.03,-11.45,0
650,Bobby Dalbec,BOS,-5.9,-2.2,-0.5,2.0,0.4,-0.1,0.0,-2.59,-2.90,-1.34,6.51,0.86,-1.86,-1.12
651,Elvis Andrus,OAK,-6.3,-0.8,-2.3,-0.1,-3.3,0.6,0,-2.57,-0.80,-4.89,-0.41,-7.54,5.91,0
652,Travis d'Arnaud,ATL,-6.4,-1.4,0.1,1.1,1.7,-0.3,0,-3.36,-3.20,0.45,2.79,7.63,-8.39,0
653,Cesar Hernandez,CLE,-6.7,2.3,-0.8,1.0,0.1,1.3,0,-2.22,2.64,-5.82,2.32,0.09,14.93,0
654,Evan White,SEA,-6.8,-0.4,-1.2,-1.1,-0.3,1.3,0,-3.58,-0.55,-6.09,-2.60,-0.52,13.39,0
655,Tommy Hunter,NYM,0,0,0,0,0,0,0,0,0,0,0,0,0,0
656,Matt Bush,TEX,0,0,0,0,0,0,0,0,0,0,0,0,0,0
657,Adam Ottavino,BOS,0,0,0,0,0,0,0,0,0,0,0,0,0,0
658,Oliver Perez,CLE,0,0,0,0,0,0,0,0,0,0,0,0,0,0
659,Sean Doolittle,CIN,0,0,0,0,0,0,0,0,0,0,0,0,0,0
660,Zack Greinke,HOU,0,0,0,0,0,0,0,0,0,0,0,0,0,0
661,Corey Kluber,NYY,0,0,0,0,0,0,0,0,0,0,0,0,0,0
662,Lance Lynn,CHW,0,0,0,0,0,0,0,0,0,0,0,0,0,0
663,Luis Avilan,WSN,0,0,0,0,0,0,0,0,0,0,0,0,0,0
664,Kenley Jansen,LAD,0,0,0,0,0,0,0,0,0,0,0,0,0,0
665,Tony Watson,LAA,0,0,0,0,0,0,0,0,0,0,0,0,0,0
666,Will Harris,WSN,0,0,0,0,0,0,0,0,0,0,0,0,0,0
667,Ervin Santana,KCR,0,0,0,0,0,0,0,0,0,0,0,0,0,0
668,Joe Smith,HOU,0,0,0,0,0,0,0,0,0,0,0,0,0,0
669,Darren O'Day,NYY,0,0,0,0,0,0,0,0,0,0,0,0,0,0
670,Danny Duffy,KCR,0,0,0,0,0,0,0,0,0,0,0,0,0,0
671,Liam Hendriks,CHW,0,0,0,0,0,0,0,0,0,0,0,0,0,0
672,Yusmeiro Petit,OAK,0,0,0,0,0,0,0,0,0,0,0,0,0,0
673,Pedro Strop,CHC,0,0,0,0,0,0,0,0,0,0,0,0,0,0
674,Derek Holland,DET,0,0,0,0,0,0,0,0,0,0,0,0,0,0
675,Rafael Dolis,TOR,0,0,0,0,0,0,0,0,0,0,0,0,0,0
676,Mark Melancon,SDP,0,0,0,0,0,0,0,0,0,0,0,0,0,0
677,Justin Wilson,NYY,0,0,0,0,0,0,0,0,0,0,0,0,0,0
678,Tyler Chatwood,TOR,0,0,0,0,0,0,0,0,0,0,0,0,0,0
679,Nate Jones,ATL,0,0,0,0,0,0,0,0,0,0,0,0,0,0
680,Matt Shoemaker,MIN,0,0,0,0,0,0,0,0,0,0,0,0,0,0
681,Jeurys Familia,NYM,0,0,0,0,0,0,0,0,0,0,0,0,0,0
682,Wade LeBlanc,BAL,0,0,0,0,0,0,0,0,0,0,0,0,0,0
683,Jose Alvarez,SFG,0,0,0,0,0,0,0,0,0,0,0,0,0,0
684,Junior Guerra,LAA,0,0,0,0,0,0,0,0,0,0,0,0,0,0
685,Dellin Betances,NYM,0,0,0,0,0,0,0,0,0,0,0,0,0,0
686,David Phelps,TOR,0,0,0,0,0,0,0,0,0,0,0,0,0,0
687,Chris Archer,TBR,0,0,0,0,0,0,0,0,0,0,0,0,0,0
688,Jake Odorizzi,HOU,0,0,0,0,0,0,0,0,0,0,0,0,0,0
689,Trevor May,NYM,0,0,0,0,0,0,0,0,0,0,0,0,0,0
690,Jose Cisnero,DET,0,0,0,0,0,0,0,0,0,0,0,0,0,0
691,Steve Cishek,LAA,0,0,0,0,0,0,0,0,0,0,0,0,0,0
692,Alex Cobb,LAA,0,0,0,0,0,0,0,0,0,0,0,0,0,0
693,Craig Kimbrel,CHC,0,0,0,0,0,0,0,0,0,0,0,0,0,0
694,Alex Colome,MIN,0,0,0,0,0,0,0,0,0,0,0,0,0,0
695,Andrew Miller,STL,0,0,0,0,0,0,0,0,0,0,0,0,0,0
696,Julio Teheran,DET,0,0,0,0,0,0,0,0,0,0,0,0,0,0
697,Martin Perez,BOS,0,0,0,0,0,0,0,0,0,0,0,0,0,0
698,Joakim Soria,ARI,0,0,0,0,0,0,0,0,0,0,0,0,0,0
699,Ian Kennedy,TEX,0,0,0,0,0,0,0,0,0,0,0,0,0,0
700,Ryan Pressly,HOU,0,0,0,0,0,0,0,0,0,0,0,0,0,0
701,Daniel Bard,COL,0,0,0,0,0,0,0,0,0,0,0,0,0,0
702,Daniel Hudson,WSN,0,0,0,0,0,0,0,0,0,0,0,0,0,0
703,Greg Holland,KCR,0,0,0,0,0,0,0,0,0,0,0,0,0,0
704,J.A. Happ,MIN,0,0,0,0,0,0,0,0,0,0,0,0,0,0
705,Wade Davis,KCR,0,0,0,0,0,0,0,0,0,0,0,0,0,0
706,Anthony Swarzak,ARI,0,0,0,0,0,0,0,0,0,0,0,0,0,0
707,Collin McHugh,TBR,0,0,0,0,0,0,0,0,0,0,0,0,0,0
708,Jake McGee,SFG,0,0,0,0,0,0,0,0,0,0,0,0,0,0
709,Tommy Milone,TOR,0,0,0,0,0,0,0,0,0,0,0,0,0,0
710,Mike Fiers,OAK,0,0,0,0,0,0,0,0,0,0,0,0,0,0
711,Richard Bleier,MIA,0,0,0,0,0,0,0,0,0,0,0,0,0,0
712,Hunter Strickland,TBR,0,0,0,0,0,0,0,0,0,0,0,0,0,0
713,Anthony Bass,MIA,0,0,0,0,0,0,0,0,0,0,0,0,0,0
714,Will Smith,ATL,0,0,0,0,0,0,0,0,0,0,0,0,0,0
715,Bryan Shaw,CLE,0,0,0,0,0,0,0,0,0,0,0,0,0,0
716,Lucas Luetge,NYY,0,0,0,0,0,0,0,0,0,0,0,0,0,0
717,Deolis Guerra,OAK,0,0,0,0,0,0,0,0,0,0,0,0,0,0
718,Tanner Roark,TOR,0,0,0,0,0,0,0,0,0,0,0,0,0,0
719,Cesar Valdez,BAL,0,0,0,0,0,0,0,0,0,0,0,0,0,0
720,Brad Hand,WSN,0,0,0,0,0,0,0,0,0,0,0,0,0,0
721,Nathan Eovaldi,BOS,0,0,0,0,0,0,0,0,0,0,0,0,0,0
722,David Hale,PHI,0,0,0,0,0,0,0,0,0,0,0,0,0,0
723,Joe Kelly,LAD,0,0,0,0,0,0,0,0,0,0,0,0,0,0
724,Rex Brothers,CHC,0,0,0,0,0,0,0,0,0,0,0,0,0,0
725,Sergio Romo,OAK,0,0,0,0,0,0,0,0,0,0,0,0,0,0
726,Chaz Roe,TBR,0,0,0,0,0,0,0,0,0,0,0,0,0,0
727,Brandon Kintzler,PHI,0,0,0,0,0,0,0,0,0,0,0,0,0,0
728,Tyler Matzek,ATL,0,0,0,0,0,0,0,0,0,0,0,0,0,0
729,Brooks Raley,HOU,0,0,0,0,0,0,0,0,0,0,0,0,0,0
730,Caleb Thielbar,MIN,0,0,0,0,0,0,0,0,0,0,0,0,0,0
731,Brad Boxberger,MIL,0,0,0,0,0,0,0,0,0,0,0,0,0,0
732,Shelby Miller,CHC,0,0,0,0,0,0,0,0,0,0,0,0,0,0
733,Aaron Northcraft,SDP,0,0,0,0,0,0,0,0,0,0,0,0,0,0
734,Aroldis Chapman,NYY,0,0,0,0,0,0,0,0,0,0,0,0,0,0
735,Ryan Tepera,CHC,0,0,0,0,0,0,0,0,0,0,0,0,0,0
736,Aaron Loup,NYM,0,0,0,0,0,0,0,0,0,0,0,0,0,0
737,Mychal Givens,COL,0,0,0,0,0,0,0,0,0,0,0,0,0,0
738,Scott Alexander,LAD,0,0,0,0,0,0,0,0,0,0,0,0,0,0
739,Mike Foltynewicz,TEX,0,0,0,0,0,0,0,0,0,0,0,0,0,0
740,Adam Kolarek,OAK,0,0,0,0,0,0,0,0,0,0,0,0,0,0
741,Ben Rowen,LAA,0,0,0,0,0,0,0,0,0,0,0,0,0,0
742,Grant Dayton,ATL,0,0,0,0,0,0,0,0,0,0,0,0,0,0
743,Casey Sadler,SEA,0,0,0,0,0,0,0,0,0,0,0,0,0,0
744,Jose Quintana,LAA,0,0,0,0,0,0,0,0,0,0,0,0,0,0
745,Drew Pomeranz,SDP,0,0,0,0,0,0,0,0,0,0,0,0,0,0
746,Brandon Workman,CHC,0,0,0,0,0,0,0,0,0,0,0,0,0,0
747,Jesse Biddle,ATL,0,0,0,0,0,0,0,0,0,0,0,0,0,0
748,A.J. Cole,TOR,0,0,0,0,0,0,0,0,0,0,0,0,0,0
749,Joely Rodriguez,TEX,0,0,0,0,0,0,0,0,0,0,0,0,0,0
750,Jose Urena,DET,0,0,0,0,0,0,0,0,0,0,0,0,0,0
751,Mike Kickham,LAD,0,0,0,0,0,0,0,0,0,0,0,0,0,0
752,Jameson Taillon,NYY,0,0,0,0,0,0,0,0,0,0,0,0,0,0
753,Luke Jackson,ATL,0,0,0,0,0,0,0,0,0,0,0,0,0,0
754,Hansel Robles,MIN,0,0,0,0,0,0,0,0,0,0,0,0,0,0
755,Hector Neris,PHI,0,0,0,0,0,0,0,0,0,0,0,0,0,0
756,James Paxton,SEA,0,0,0,0,0,0,0,0,0,0,0,0,0,0
757,Chris Martin,ATL,0,0,0,0,0,0,0,0,0,0,0,0,0,0
758,Jason Adam,CHC,0,0,0,0,0,0,0,0,0,0,0,0,0,0
759,Michael Feliz,PIT,0,0,0,0,0,0,0,0,0,0,0,0,0,0
760,Matt Andriese,BOS,0,0,0,0,0,0,0,0,0,0,0,0,0,0
761,Yimi Garcia,MIA,0,0,0,0,0,0,0,0,0,0,0,0,0,0
762,Domingo Tapia,SEA,0,0,0,0,0,0,0,0,0,0,0,0,0,0
763,Dan Winkler,CHC,0,0,0,0,0,0,0,0,0,0,0,0,0,0
764,Ryan Sherriff,TBR,0,0,0,0,0,0,0,0,0,0,0,0,0,0
765,Evan Marshall,CHW,0,0,0,0,0,0,0,0,0,0,0,0,0,0
766,Jacob Barnes,NYM,0,0,0,0,0,0,0,0,0,0,0,0,0,0
767,Blake Treinen,LAD,0,0,0,0,0,0,0,0,0,0,0,0,0,0
768,Ryne Harper,WSN,0,0,0,0,0,0,0,0,0,0,0,0,0,0
769,Rafael Montero,SEA,0,0,0,0,0,0,0,0,0,0,0,0,0,0
770,Chris Devenski,ARI,0,0,0,0,0,0,0,0,0,0,0,0,0,0
771,Burch Smith,OAK,0,0,0,0,0,0,0,0,0,0,0,0,0,0
772,Noe Ramirez,LAA,0,0,0,0,0,0,0,0,0,0,0,0,0,0
773,Andrew Kittredge,TBR,0,0,0,0,0,0,0,0,0,0,0,0,0,0
774,Shawn Armstrong,BAL,0,0,0,0,0,0,0,0,0,0,0,0,0,0
775,Matt Barnes,BOS,0,0,0,0,0,0,0,0,0,0,0,0,0,0
776,Alex Claudio,LAA,0,0,0,0,0,0,0,0,0,0,0,0,0,0
777,Dylan Bundy,LAA,0,0,0,0,0,0,0,0,0,0,0,0,0,0
778,Archie Bradley,PHI,0,0,0,0,0,0,0,0,0,0,0,0,0,0
779,Andrew Chafin,CHC,0,0,0,0,0,0,0,0,0,0,0,0,0,0
780,Reymin Guduan,OAK,0,0,0,0,0,0,0,0,0,0,0,0,0,0
781,Gerrit Cole,NYY,0,0,0,0,0,0,0,0,0,0,0,0,0,0
782,Derek Law,MIN,0,0,0,0,0,0,0,0,0,0,0,0,0,0
783,Eduardo Rodriguez,BOS,0,0,0,0,0,0,0,0,0,0,0,0,0,0
784,Kyle Crick,PIT,0,0,0,0,0,0,0,0,0,0,0,0,0,0
785,Jordan Weems,OAK,0,0,0,0,0,0,0,0,0,0,0,0,0,0
786,Michael Fulmer,DET,0,0,0,0,0,0,0,0,0,0,0,0,0,0
787,Louis Head,TBR,0,0,0,0,0,0,0,0,0,0,0,0,0,0
788,Ross Stripling,TOR,0,0,0,0,0,0,0,0,0,0,0,0,0,0
789,Jesse Hahn,KCR,0,0,0,0,0,0,0,0,0,0,0,0,0,0
790,Luis Cessa,NYY,0,0,0,0,0,0,0,0,0,0,0,0,0,0
791,Cam Bedrosian,CIN,0,0,0,0,0,0,0,0,0,0,0,0,0,0
792,Steven Matz,TOR,0,0,0,0,0,0,0,0,0,0,0,0,0,0
793,Dylan Floro,MIA,0,0,0,0,0,0,0,0,0,0,0,0,0,0
794,Sam Selman,SFG,0,0,0,0,0,0,0,0,0,0,0,0,0,0
795,Felix Pena,LAA,0,0,0,0,0,0,0,0,0,0,0,0,0,0
796,Pierce Johnson,SDP,0,0,0,0,0,0,0,0,0,0,0,0,0,0
797,Taylor Rogers,MIN,0,0,0,0,0,0,0,0,0,0,0,0,0,0
798,Daniel Norris,DET,0,0,0,0,0,0,0,0,0,0,0,0,0,0
799,Richard Rodriguez,PIT,0,0,0,0,0,0,0,0,0,0,0,0,0,0
800,Robert Stephenson,COL,0,0,0,0,0,0,0,0,0,0,0,0,0,0
801,Carl Edwards Jr.,ATL,0,0,0,0,0,0,0,0,0,0,0,0,0,0
802,Clay Holmes,PIT,0,0,0,0,0,0,0,0,0,0,0,0,0,0
803,Tyler Duffey,MIN,0,0,0,0,0,0,0,0,0,0,0,0,0,0
804,Chris Stratton,PIT,0,0,0,0,0,0,0,0,0,0,0,0,0,0
805,JT Chargois,SEA,0,0,0,0,0,0,0,0,0,0,0,0,0,0
806,Austin Adams,SDP,0,0,0,0,0,0,0,0,0,0,0,0,0,0
807,Chris Flexen,SEA,0,0,0,0,0,0,0,0,0,0,0,0,0,0
808,Michael Wacha,TBR,0,0,0,0,0,0,0,0,0,0,0,0,0,0
809,Lance McCullers Jr.,HOU,0,0,0,0,0,0,0,0,0,0,0,0,0,0
810,Chris Mazza,TBR,0,0,0,0,0,0,0,0,0,0,0,0,0,0
811,Jose Berrios,MIN,0,-0.2,-0.4,0,0,0,0,0,-16.74,-3.94,0,0,0,0
812,Kyle Zimmer,KCR,0,0,0,0,0,0,0,0,0,0,0,0,0,0
813,Josh Hader,MIL,0,0,0,0,0,0,0,0,0,0,0,0,0,0
814,Wandy Peralta,- - -,0,0,0,0,0,0,0,0,0,0,0,0,0,0
815,Frankie Montas,OAK,0,0,0,0,0,0,0,0,0,0,0,0,0,0
816,Joel Payamps,TOR,0,0,0,0,0,0,0,0,0,0,0,0,0,0
817,Amir Garrett,CIN,0,0,0,0,0,0,0,0,0,0,0,0,0,0
818,Hyun-Jin Ryu,TOR,0,0,0,0,0,0,0,0,0,0,0,0,0,0
819,J.B. Wendelken,OAK,0,0,0,0,0,0,0,0,0,0,0,0,0,0
820,Jorge Lopez,BAL,0,0,0,0,0,0,0,0,0,0,0,0,0,0
821,Carlos Estevez,COL,0,0,0,0,0,0,0,0,0,0,0,0,0,0
822,James Hoyt,LAA,0,0,0,0,0,0,0,0,0,0,0,0,0,0
823,Dillon Maples,CHC,0,0,0,0,0,0,0,0,0,0,0,0,0,0
824,Duane Underwood Jr.,PIT,0,0,0,0,0,0,0,0,0,0,0,0,0,0
825,Tzu-Wei Lin,MIN,0,0,0,0,0,0,0,0,0,0,0,0,0,0
826,Keone Kela,SDP,0,0,0,0,0,0,0,0,0,0,0,0,0,0
827,Edwin Diaz,NYM,0,0,0,0,0,0,0,0,0,0,0,0,0,0
828,Emilio Pagan,SDP,0,0,0,0,0,0,0,0,0,0,0,0,0,0
829,Buck Farmer,DET,0,0,0,0,0,0,0,0,0,0,0,0,0,0
830,Taylor Williams,SDP,0,0,0,0,0,0,0,0,0,0,0,0,0,0
831,Reyes Moronta,SFG,0,0,0,0,0,0,0,0,0,0,0,0,0,0
832,Tyler Webb,STL,0,0,0,0,0,0,0,0,0,0,0,0,0,0
833,Giovanny Gallegos,STL,0,0,0,0,0,0,0,0,0,0,0,0,0,0
834,Scott Barlow,KCR,0,0,0,0,0,0,0,0,0,0,0,0,0,0
835,Kyle Finnegan,WSN,0,0,0,0,0,0,0,0,0,0,0,0,0,0
836,Corey Knebel,LAD,0,0,0,0,0,0,0,0,0,0,0,0,0,0
837,Alex Reyes,STL,0,0,0,0,0,0,0,0,0,0,0,0,0,0
838,Tim Mayza,TOR,0,0,0,0,0,0,0,0,0,0,0,0,0,0
839,Lou Trivino,OAK,0,0,0,0,0,0,0,0,0,0,0,0,0,0
840,Austin Voth,WSN,0,0,0,0,0,0,0,0,0,0,0,0,0,0
841,Yency Almonte,COL,0,0,0,0,0,0,0,0,0,0,0,0,0,0
842,Kyle McGowin,WSN,0,0,0,0,0,0,0,0,0,0,0,0,0,0
843,Luke Farrell,MIN,0,0,0,0,0,0,0,0,0,0,0,0,0,0
844,Jake Newberry,KCR,0,0,0,0,0,0,0,0,0,0,0,0,0,0
845,Aaron Slegers,LAA,0,0,0,0,0,0,0,0,0,0,0,0,0,0
846,Cody Reed,TBR,0,0,0,0,0,0,0,0,0,0,0,0,0,0
847,Cole Sulser,BAL,0,0,0,0,0,0,0,0,0,0,0,0,0,0
848,Keynan Middleton,SEA,0,0,0,0,0,0,0,0,0,0,0,0,0,0
849,Adam Cimber,MIA,0,0,0,0,0,0,0,0,0,0,0,0,0,0
850,Andrew Heaney,LAA,0,0,0,0,0,0,0,0,0,0,0,0,0,0
851,Matthew Boyd,DET,0,0,0,0,0,0,0,0,0,0,0,0,0,0
852,Mike Mayers,LAA,0,0,0,0,0,0,0,0,0,0,0,0,0,0
853,Marco Gonzales,SEA,0,0,0,0,0,0,0,0,0,0,0,0,0,0
854,Lucas Giolito,CHW,0,0,0,0,0,0,0,0,0,0,0,0,0,0
855,Kendall Graveman,SEA,0,0,0,0,0,0,0,0,0,0,0,0,0,0
856,Eric Yardley,MIL,0,0,0,0,0,0,0,0,0,0,0,0,0,0
857,Tyler Rogers,SFG,0,0,0,0,0,0,0,0,0,0,0,0,0,0
858,Chad Green,NYY,0,0,0,0,0,0,0,0,0,0,0,0,0,0
859,Nick Wittgren,CLE,0,0,0,0,0,0,0,0,0,0,0,0,0,0
860,Phillips Valdez,BOS,0,0,0,0,0,0,0,0,0,0,0,0,0,0
861,Miguel Castro,NYM,0,0,0,0,0,0,0,0,0,0,0,0,0,0
862,Brad Keller,KCR,0,0,0,0,0,0,0,0,0,0,0,0,0,0
863,Joe Jimenez,DET,0,0,0,0,0,0,0,0,0,0,0,0,0,0
864,Devin Williams,MIL,0,0,0,0,0,0,0,0,0,0,0,0,0,0
865,Zack Littell,SFG,0,0,0,0,0,0,0,0,0,0,0,0,0,0
866,Paul Fry,BAL,0,0,0,0,0,0,0,0,0,0,0,0,0,0
867,Adam Plutko,BAL,0,0,0,0,0,0,0,0,0,0,0,0,0,0
868,Kent Emanuel,HOU,0,0,0,0,0,0,0,0,0,0,0,0,0,0
869,Wander Suero,WSN,0,0,0,0,0,0,0,0,0,0,0,0,0,0
870,Stephen Tarpley,NYM,0,0,0,0,0,0,0,0,0,0,0,0,0,0
871,Sean Manaea,OAK,0,0,0,0,0,0,0,0,0,0,0,0,0,0
872,Lewis Thorpe,MIN,0,0,0,0,0,0,0,0,0,0,0,0,0,0
873,Ryne Stanek,HOU,0,0,0,0,0,0,0,0,0,0,0,0,0,0
874,Stefan Crichton,ARI,0,0,0,0,0,0,0,0,0,0,0,0,0,0
875,Jordan Romano,TOR,0,0,0,0,0,0,0,0,0,0,0,0,0,0
876,Carlos Rodon,CHW,0,0,0,0,0,0,0,0,0,0,0,0,0,0
877,Spencer Turnbull,DET,0,0,0,0,0,0,0,0,0,0,0,0,0,0
878,Aaron Bummer,CHW,0,0,0,0,0,0,0,0,0,0,0,0,0,0
879,Sam Howard,PIT,0,0,0,0,0,0,0,0,0,0,0,0,0,0
880,Sam Clay,WSN,0,0,0,0,0,0,0,0,0,0,0,0,0,0
881,Alex McRae,CHW,0,0,0,0,0,0,0,0,0,0,0,0,0,0
882,Ryan Borucki,TOR,0,0,0,0,0,0,0,0,0,0,0,0,0,0
883,Brad Wieck,CHC,0,0,0,0,0,0,0,0,0,0,0,0,0,0
884,Victor Gonzalez,LAD,0,0,0,0,0,0,0,0,0,0,0,0,0,0
885,Blake Taylor,HOU,0,0,0,0,0,0,0,0,0,0,0,0,0,0
886,Brent Honeywell,TBR,0,0,0,0,0,0,0,0,0,0,0,0,0,0
887,Dan Altavilla,SDP,0,0,0,0,0,0,0,0,0,0,0,0,0,0
888,Jordan Montgomery,NYY,0,0,0,0,0,0,0,0,0,0,0,0,0,0
889,Erik Swanson,SEA,0,0,0,0,0,0,0,0,0,0,0,0,0,0
890,Bryan Abreu,HOU,0,0,0,0,0,0,0,0,0,0,0,0,0,0
891,J.P. Feyereisen,MIL,0,0,0,0,0,0,0,0,0,0,0,0,0,0
892,Ryan Thompson,TBR,0,0,0,0,0,0,0,0,0,0,0,0,0,0
893,Julian Merryweather,TOR,0,0,0,0,0,0,0,0,0,0,0,0,0,0
894,Tim Hill,SDP,0,0,0,0,0,0,0,0,0,0,0,0,0,0
895,Sean Newcomb,ATL,0,0,0,0,0,0,0,0,0,0,0,0,0,0
896,Trevor Hildenberger,NYM,0,0,0,0,0,0,0,0,0,0,0,0,0,0
897,Sean Reid-Foley,NYM,0,0,0,0,0,0,0,0,0,0,0,0,0,0
898,Raisel Iglesias,LAA,0,0,0,0,0,0,0,0,0,0,0,0,0,0
899,Domingo German,NYY,0,0,0,0,0,0,0,0,0,0,0,0,0,0
900,Yoan Lopez,ARI,0,0,0,0,0,0,0,0,0,0,0,0,0,0
901,Dinelson Lamet,SDP,0,0,0,0,0,0,0,0,0,0,0,0,0,0
902,Austin Brice,BOS,0,0,0,0,0,0,0,0,0,0,0,0,0,0
903,Sam Coonrod,PHI,0,0,0,0,0,0,0,0,0,0,0,0,0,0
904,Ranger Suarez,PHI,0,0,0,0,0,0,0,0,0,0,0,0,0,0
905,Michael Kopech,CHW,0,0,0,0,0,0,0,0,0,0,0,0,0,0
906,Justus Sheffield,SEA,0,0,0,0,0,0,0,0,0,0,0,0,0,0
907,Justin Steele,CHC,0,0,0,0,0,0,0,0,0,0,0,0,0,0
908,Edgar Santana,ATL,0,0,0,0,0,0,0,0,0,0,0,0,0,0
909,Josh Taylor,BOS,0,0,0,0,0,0,0,0,0,0,0,0,0,0
910,Brett Martin,TEX,0,0,0,0,0,0,0,0,0,0,0,0,0,0
911,Albert Abreu,NYY,0,0,0,0,0,0,0,0,0,0,0,0,0,0
912,Genesis Cabrera,STL,0,0,0,0,0,0,0,0,0,0,0,0,0,0
913,Diego Castillo,TBR,0,0,0,0,0,0,0,0,0,0,0,0,0,0
914,Tanner Scott,BAL,0,0,0,0,0,0,0,0,0,0,0,0,0,0
915,Cristian Javier,HOU,0,0,0,0,0,0,0,0,0,0,0,0,0,0
916,Tanner Rainey,WSN,0,0,0,0,0,0,0,0,0,0,0,0,0,0
917,Justin Lawrence,COL,0,0,0,0,0,0,0,0,0,0,0,0,0,0
918,Jeffrey Springs,TBR,0,0,0,0,0,0,0,0,0,0,0,0,0,0
919,Trevor Megill,CHC,0,0,0,0,0,0,0,0,0,0,0,0,0,0
920,Tyler Alexander,DET,0,0,0,0,0,0,0,0,0,0,0,0,0,0
921,Angel Perdomo,MIL,0,0,0,0,0,0,0,0,0,0,0,0,0,0
922,Jose Alvarado,PHI,0,0,0,0,0,0,0,0,0,0,0,0,0,0
923,Jake Brentz,KCR,0,0,0,0,0,0,0,0,0,0,0,0,0,0
924,Patrick Weigel,MIL,0,0,0,0,0,0,0,0,0,0,0,0,0,0
925,Dillon Tate,BAL,0,0,0,0,0,0,0,0,0,0,0,0,0,0
926,Trent Thornton,TOR,0,0,0,0,0,0,0,0,0,0,0,0,0,0
927,Pete Fairbanks,TBR,0,0,0,0,0,0,0,0,0,0,0,0,0,0
928,Phil Maton,CLE,0,0,0,0,0,0,0,0,0,0,0,0,0,0
929,Garrett Stubbs,HOU,0,0,0,0,0,0,0,0,0,0,0,0,0,0
930,Cody Stashak,MIN,0,0,0,0,0,0,0,0,0,0,0,0,0,0
931,Ryan Helsley,STL,0,0,0,0,0,0,0,0,0,0,0,0,0,0
932,Jay Flaa,BAL,0,0,0,0,0,0,0,0,0,0,0,0,0,0
933,Anthony Misiewicz,SEA,0,0,0,0,0,0,0,0,0,0,0,0,0,0
934,Jarlin Garcia,SFG,0,0,0,0,0,0,0,0,0,0,0,0,0,0
935,Tyler Kinley,COL,0,0,0,0,0,0,0,0,0,0,0,0,0,0
936,Josh Sborz,TEX,0,0,0,0,0,0,0,0,0,0,0,0,0,0
937,Taylor Hearn,TEX,0,0,0,0,0,0,0,0,0,0,0,0,0,0
938,Alex Young,ARI,0,0,0,0,0,0,0,0,0,0,0,0,0,0
939,Josh Staumont,KCR,0,0,0,0,0,0,0,0,0,0,0,0,0,0
940,Brandon Waddell,MIN,0,0,0,0,0,0,0,0,0,0,0,0,0,0
941,Jaime Barria,LAA,0,0,0,0,0,0,0,0,0,0,0,0,0,0
942,Travis Blankenhorn,MIN,0,0,0,0,0,0,0,0,0,0,0,0,0,0
943,Enyel De Los Santos,PHI,0,0,0,0,0,0,0,0,0,0,0,0,0,0
944,Phil Bickford,MIL,0,0,0,0,0,0,0,0,0,0,0,0,0,0
945,Sam Hentges,CLE,0,0,0,0,0,0,0,0,0,0,0,0,0,0
946,Travis Bergen,TOR,0,0,0,0,0,0,0,0,0,0,0,0,0,0
947,Travis Lakins,BAL,0,0,0,0,0,0,0,0,0,0,0,0,0,0
948,A.J. Minter,ATL,0,0,0,0,0,0,0,0,0,0,0,0,0,0
949,Kolby Allard,TEX,0,0,0,0,0,0,0,0,0,0,0,0,0,0
950,Drew Steckenrider,SEA,0,0,0,0,0,0,0,0,0,0,0,0,0,0
951,Zack Burdi,CHW,0,0,0,0,0,0,0,0,0,0,0,0,0,0
952,Robert Dugger,SEA,0,0,0,0,0,0,0,0,0,0,0,0,0,0
953,Caleb Baragar,SFG,0,0,0,0,0,0,0,0,0,0,0,0,0,0
954,Wes Benjamin,TEX,0,0,0,0,0,0,0,0,0,0,0,0,0,0
955,Cole Irvin,OAK,0,0,0,0,0,0,0,0,0,0,0,0,0,0
956,Justin Dunn,SEA,0,0,0,0,0,0,0,0,0,0,0,0,0,0
957,T.J. Zeuch,TOR,0,0,0,0,0,0,0,0,0,0,0,0,0,0
958,Jacob Webb,ATL,0,0,0,0,0,0,0,0,0,0,0,0,0,0
959,Trevor Richards,TBR,0,0,0,0,0,0,0,0,0,0,0,0,0,0
960,Cal Quantrill,CLE,0,0,0,0,0,0,0,0,0,0,0,0,0,0
961,A.J. Puk,OAK,0,0,0,0,0,0,0,0,0,0,0,0,0,0
962,Dean Kremer,BAL,0,0,0,0,0,0,0,0,0,0,0,0,0,0
963,Dane Dunning,TEX,0,0,0,0,0,0,0,0,0,0,0,0,0,0
964,Patrick Sandoval,LAA,0,0,0,0,0,0,0,0,0,0,0,0,0,0
965,Kyle Funkhouser,DET,0,0,0,0,0,0,0,0,0,0,0,0,0,0
966,Bryan Garcia,DET,0,0,0,0,0,0,0,0,0,0,0,0,0,0
967,Jorge Alcala,MIN,0,0,0,0,0,0,0,0,0,0,0,0,0,0
968,Aaron Civale,CLE,0,0,0,0,0,0,0,0,0,0,0,0,0,0
969,Devin Smeltzer,MIN,0,0,0,0,0,0,0,0,0,0,0,0,0,0
970,Ryan Hendrix,CIN,0,0,0,0,0,0,0,0,0,0,0,0,0,0
971,Geoff Hartlieb,PIT,0,0,0,0,0,0,0,0,0,0,0,0,0,0
972,Bernardo Flores Jr.,STL,0,0,0,0,0,0,0,0,0,0,0,0,0,0
973,David Bednar,PIT,0,0,0,0,0,0,0,0,0,0,0,0,0,0
974,JoJo Romero,PHI,0,0,0,0,0,0,0,0,0,0,0,0,0,0
975,Sean Poppen,PIT,0,-0.2,0,-0.1,0.0,0,0,0,-16.74,0,-5.69,-4.00,0,0
976,Jordan Hicks,STL,0,0,0,0,0,0,0,0,0,0,0,0,0,0
977,Jack Kruger,LAA,0,0,0,0,0,0,0,0,0,0,0,0,0,0
978,Matt Foster,CHW,0,0,0,0,0,0,0,0,0,0,0,0,0,0
979,Gregory Soto,DET,0,0,0,0,0,0,0,0,0,0,0,0,0,0
980,Jordan Sheffield,COL,0,0,0,0,0,0,0,0,0,0,0,0,0,0
981,Kyle Cody,TEX,0,0,0,0,0,0,0,0,0,0,0,0,0,0
982,Kodi Whitley,STL,0,0,0,0,0,0,0,0,0,0,0,0,0,0
983,Anthony Bender,MIA,0,0,0,0,0,0,0,0,0,0,0,0,0,0
984,Jonathan Loaisiga,NYY,0,0,0,0,0,0,0,0,0,0,0,0,0,0
985,Seth Elledge,STL,0,0,0,0,0,0,0,0,0,0,0,0,0,0
986,Will Vest,SEA,0,0,0,0,0,0,0,0,0,0,0,0,0,0
987,Anthony Castro,TOR,0,0,0,0,0,0,0,0,0,0,0,0,0,0
988,Darwinzon Hernandez,BOS,0,0,0,0,0,0,0,0,0,0,0,0,0,0
989,Michael King,NYY,0,0,0,0,0,0,0,0,0,0,0,0,0,0
990,Brandon Bielak,HOU,0,0,0,0,0,0,0,0,0,0,0,0,0,0
991,Griffin Canning,LAA,0,0,0,0,0,0,0,0,0,0,0,0,0,0
992,Kevin Ginkel,ARI,0,0,0,0,0,0,0,0,0,0,0,0,0,0
993,Tanner Houck,BOS,0,0,0,0,0,0,0,0,0,0,0,0,0,0
994,Alex Lange,DET,0,0,0,0,0,0,0,0,0,0,0,0,0,0
995,Jose Suarez,LAA,0,0,0,0,0,0,0,0,0,0,0,0,0,0
996,Trevor Stephan,CLE,0,0,0,0,0,0,0,0,0,0,0,0,0,0
997,Ljay Newsome,SEA,0,0,0,0,0,0,0,0,0,0,0,0,0,0
998,Zach Plesac,CLE,0,0,0,0,0,0,0,0,0,0,0,0,0,0
999,Tyler Wells,BAL,0,0,0,0,0,0,0,0,0,0,0,0,0,0
1000,Wyatt Mills,SEA,0,0,0,0,0,0,0,0,0,0,0,0,0,0
1001,Bailey Falter,PHI,0,0,0,0,0,0,0,0,0,0,0,0,0,0
1002,James Karinchak,CLE,0,0,0,0,0,0,0,0,0,0,0,0,0,0
1003,Nick Nelson,NYY,0,0,0,0,0,0,0,0,0,0,0,0,0,0
1004,Nate Pearson,TOR,0,0,0,0,0,0,0,0,0,0,0,0,0,0
1005,Ty Tice,TOR,0,0,0,0,0,0,0,0,0,0,0,0,0,0
1006,Zach Pop,MIA,0,0,0,0,0,0,0,0,0,0,0,0,0,0
1007,Garrett Whitlock,BOS,0,0,0,0,0,0,0,0,0,0,0,0,0,0
1008,Ben Bowden,COL,0,0,0,0,0,0,0,0,0,0,0,0,0,0
1009,Zac Lowther,BAL,0,0,0,0,0,0,0,0,0,0,0,0,0,0
1010,Deivi Garcia,NYY,0,0,0,0,0,0,0,0,0,0,0,0,0,0
1011,Andre Scrubb,HOU,0,0,0,0,0,0,0,0,0,0,0,0,0,0
1012,Luis Gonzalez,CHW,0,0,0,0,0,0,0,0,0,0,0,0,0,0
1013,Brusdar Graterol,LAD,0,0,0,0,0,0,0,0,0,0,0,0,0,0
1014,Ramon Rosso,PHI,0,0,0,0,0,0,0,0,0,0,0,0,0,0
1015,Isaac Mattson,BAL,0,0,0,0,0,0,0,0,0,0,0,0,0,0
1016,Anthony Kay,TOR,0,0,0,0,0,0,0,0,0,0,0,0,0,0
1017,Nick Margevicius,SEA,0,0,0,0,0,0,0,0,0,0,0,0,0,0
1018,Luis Madero,MIA,0,0,0,0,0,0,0,0,0,0,0,0,0,0
1019,Josh Fleming,TBR,0,0,0,0,0,0,0,0,0,0,0,0,0,0
1020,Enoli Paredes,HOU,0,0,0,0,0,0,0,0,0,0,0,0,0,0
1021,Peter Solomon,HOU,0,0,0,0,0,0,0,0,0,0,0,0,0,0
1022,J.B. Bukauskas,ARI,0,0,0,0,0,0,0,0,0,0,0,0,0,0
1023,Casey Mize,DET,0,0,0,0,0,0,0,0,0,0,0,0,0,0
1024,Kyle Nelson,CLE,0,0,0,0,0,0,0,0,0,0,0,0,0,0
1025,Nick Sandlin,CLE,0,0,0,0,0,0,0,0,0,0,0,0,0,0
1026,Eduard Bazardo,BOS,0,0,0,0,0,0,0,0,0,0,0,0,0,0
1027,Emmanuel Clase,CLE,0,0,0,0,0,0,0,0,0,0,0,0,0,0
1028,Miguel Yajure,PIT,0,0,0,0,0,0,0,0,0,0,0,0,0,0
1029,Brooks Kriske,NYY,0,0,0,0,0,0,0,0,0,0,0,0,0,0
1030,Connor Brogdon,PHI,0,0,0,0,0,0,0,0,0,0,0,0,0,0
1031,Lucas Gilbreath,COL,0,0,0,0,0,0,0,0,0,0,0,0,0,0
1032,Kris Bubic,KCR,0,0,0,0,0,0,0,0,0,0,0,0,0,0
1033,Shane McClanahan,TBR,0,0,0,0,0,0,0,0,0,0,0,0,0,0
1034,Daniel Lynch,KCR,0,0,0,0,0,0,0,0,0,0,0,0,0,0
1035,Luis Oviedo,PIT,0,0,0,0,0,0,0,0,0,0,0,0,0,0
1036,Gregory Santos,SFG,0,0,0,0,0,0,0,0,0,0,0,0,0,0
1037,Camilo Doval,SFG,0,0,0,0,0,0,0,0,0,0,0,0,0,0
1038,John King,TEX,0,0,0,0,0,0,0,0,0,0,0,0,0,0
1039,Aaron Fletcher,SEA,0,0,0,0,0,0,0,0,0,0,0,0,0,0
1040,Mac Sceroler,BAL,0,0,0,0,0,0,0,0,0,0,0,0,0,0
1041,Tarik Skubal,DET,0,0,0,0,0,0,0,0,0,0,0,0,0,0
1042,Chris Rodriguez,LAA,0,0,0,0,0,0,0,0,0,0,0,0,0,0
1043,Nivaldo Rodriguez,HOU,0,0,0,0,0,0,0,0,0,0,0,0,0,0
1044,Carlos Hernandez,KCR,0,0,0,0,0,0,0,0,0,0,0,0,0,0
1045,Luis Patino,TBR,0,0,0,0,0,0,0,0,0,0,0,0,0,0
1046,Spencer Howard,PHI,0,0,0,0,0,0,0,0,0,0,0,0,0,0
1047,Codi Heuer,CHW,0,0,0,0,0,0,0,0,0,0,0,0,0,0
1048,Brett De Geus,TEX,0,0,0,0,0,0,0,0,0,0,0,0,0,0
1049,Randy Dobnak,MIN,0,0,0,0,0,0,0,0,0,0,0,0,0,0
1050,Jonathan Stiever,CHW,0,0,0,0,0,0,0,0,0,0,0,0,0,0
1051,Cody Wilson,WSN,0,0,-0.2,0.0,0,0,0,0,0,-6.01,-0.64,0,0,0
1052,Alex Vesia,LAD,0,0,0,0,0,0,0,0,0,0,0,0,0,0
1053,Brady Singer,KCR,0,0,0,0,0,0,0,0,0,0,0,0,0,0
1054,Garrett Crochet,CHW,0,0,0,0,0,0,0,0,0,0,0,0,0,0
1055,Kohei Arihara,TEX,0,0,0,0,0,0,0,0,0,0,0,0,0,0
1056,Hyeon-jong Yang,TEX,0,0,0,0,0,0,0,0,0,0,0,0,0,0
1057,Hirokazu Sawamura,BOS,0,0,0,0,0,0,0,0,0,0,0,0,0,0
1 Page size: select  1057 items in 1 pages,1 Page size: select  1057 items in 1 pages,1 Page size: select  1057 items in 1 pages,1 Page size: select  1057 items in 1 pages,1 Page size: select  1057 items in 1 pages,1 Page size: select  1057 items in 1 pages,1 Page size: select  1057 items in 1 pages,1 Page size: select  1057 items in 1 pages,1 Page size: select  1057 items in 1 pages,1 Page size: select  1057 items in 1 pages,1 Page size: select  1057 items in 1 pages,1 Page size: select  1057 items in 1 pages,1 Page size: select  1057 items in 1 pages,1 Page size: select  1057 items in 1 pages,1 Page size: select  1057 items in 1 pages,1 Page size: select  1057 items in 1 pages,1 Page size: select  1057 items in 1 pages
