#,Name,Team,FB%,FBv,SL%,SLv,CT%,CTv,CB%,CBv,CH%,CHv,SF%,SFv,KN%,KNv,XX%
1,Emmanuel Clase,CLE,78.8%,100.1,21.2%,91.2,0,0,0,0,0,0,0,0,0,0,0.4%
2,Jordan Hicks,STL,69.6%,99.3,26.1%,87.1,0,0,0,0,0,0,4.3%,90.2,0,0,0
3,Jacob deGrom,NYM,61.3%,99.3,28.2%,91.6,0,0,0.3%,84.0,10.1%,91.3,0,0,0,0,0
4,Jose Alvarado,PHI,84.7%,99.2,13.3%,94.3,0,0,2.0%,87.0,0,0,0,0,0,0,1.3%
5,Edwin Diaz,NYM,64.7%,99.2,35.3%,91.2,0,0,0,0,0,0,0,0,0,0,0.9%
6,Brusdar Graterol,LAD,61.1%,99.1,38.9%,87.8,0,0,0,0,0,0,0,0,0,0,0
7,Aroldis Chapman,NYY,64.9%,99.1,25.2%,85.3,0,0,0,0,0,0,9.9%,89.4,0,0,0.9%
8,James Norwood,SDP,68.2%,98.9,13.6%,87.7,0,0,0,0,0,0,18.2%,87.8,0,0,0
9,Miguel Castro,NYM,43.9%,98.4,33.0%,86.1,0,0,0,0,23.1%,92.1,0,0,0,0,0
10,Domingo Tapia,SEA,91.4%,98.3,5.7%,86.0,0,0,0,0,2.9%,90.0,0,0,0,0,0
11,Camilo Doval,SFG,39.2%,98.3,60.8%,86.0,0,0,0,0,0,0,0,0,0,0,1.8%
12,Julian Merryweather,TOR,54.5%,98.2,20.0%,88.2,0,0,5.5%,81.0,20.0%,80.9,0,0,0,0,0
13,Justin Lawrence,COL,65.6%,98.1,34.4%,81.5,0,0,0,0,0,0,0,0,0,0,0
14,Carlos Hernandez,KCR,53.9%,98.1,8.6%,86.1,0,0,29.7%,82.5,7.8%,87.8,0,0,0,0,1.7%
15,Sam Coonrod,PHI,72.1%,98.0,19.7%,89.2,1.9%,91.6,0,0,6.3%,90.8,0,0,0,0,1.0%
16,Dustin May,LAD,58.7%,98.0,0,0,18.5%,93.1,22.8%,86.6,0,0,0,0,0,0,0
17,Daniel Bard,COL,49.7%,97.9,43.2%,87.1,0,0,0,0,7.1%,89.8,0,0,0,0,0
18,Jonathan Loaisiga,NYY,60.7%,97.8,0,0,0,0,18.9%,86.3,20.5%,89.6,0,0,0,0,0
19,Gregory Soto,DET,58.7%,97.8,41.3%,88.2,0,0,0,0,0,0,0,0,0,0,0.7%
20,Gregory Santos,SFG,43.4%,97.7,56.6%,89.8,0,0,0,0,0,0,0,0,0,0,0
21,Junior Fernandez,STL,45.5%,97.6,21.8%,88.5,0,0,0,0,32.7%,89.2,0,0,0,0,0
22,Sandy Alcantara,MIA,48.1%,97.6,20.7%,90.1,0,0,4.4%,84.0,26.8%,91.6,0,0,0,0,0.2%
23,Blake Treinen,LAD,40.5%,97.6,30.0%,86.7,29.5%,93.3,0,0,0,0,0,0,0,0,1.0%
24,Albert Abreu,NYY,42.5%,97.5,41.7%,86.0,0,0,0.8%,81.0,15.0%,87.6,0,0,0,0,0
25,Ryne Stanek,HOU,60.8%,97.4,13.1%,86.8,0,0,0,0,0,0,26.2%,87.7,0,0,1.3%
26,Gerrit Cole,NYY,46.6%,97.4,19.5%,88.5,0,0,18.8%,83.5,15.2%,89.4,0,0,0,0,0
27,Shane McClanahan,TBR,38.8%,97.4,40.5%,90.2,0,0,11.1%,84.0,0,0,9.6%,90.0,0,0,0
28,Joe Kelly,LAD,49.6%,97.4,0,0,0,0,30.2%,87.4,20.3%,87.6,0,0,0,0,0
29,Genesis Cabrera,STL,58.6%,97.3,0,0,0,0,26.0%,80.9,15.4%,88.3,0,0,0,0,0.7%
30,Drew Rasmussen,- - -,67.9%,97.3,27.0%,87.1,0,0,1.3%,81.0,3.8%,90.1,0,0,0,0,1.3%
31,Ryan Helsley,STL,57.2%,97.3,0,0,31.1%,88.0,8.3%,78.9,3.4%,87.6,0,0,0,0,0.4%
32,Jorge Alcala,MIN,50.2%,97.2,38.3%,89.6,0,0,0,0,11.4%,89.6,0,0,0,0,0
33,Liam Hendriks,CHW,71.4%,97.2,20.6%,88.9,0,0,8.0%,85.3,0,0,0,0,0,0,0.8%
34,Zack Wheeler,PHI,62.1%,97.2,25.0%,91.4,0,0,8.7%,81.1,4.2%,90.3,0.1%,92.0,0,0,0.3%
35,Jordan Romano,TOR,54.8%,97.2,45.2%,88.3,0,0,0,0,0,0,0,0,0,0,0
36,Pete Fairbanks,TBR,48.7%,97.1,51.3%,85.9,0,0,0,0,0,0,0,0,0,0,0
37,Nathan Eovaldi,BOS,44.1%,97.1,12.3%,86.1,14.8%,92.7,17.3%,78.8,0,0,11.5%,88.3,0,0,0
38,Daniel Hudson,WSN,72.6%,97.1,24.8%,88.7,0,0,0,0,2.6%,88.3,0,0,0,0,0
39,Tyler Glasnow,TBR,51.6%,97.0,32.0%,87.6,0,0,13.8%,83.5,2.5%,91.6,0,0,0,0,0
40,Anthony Bender,MIA,51.7%,97.0,47.9%,84.9,0,0,0,0,0.3%,89.0,0,0,0,0,0
41,Tanner Scott,BAL,53.0%,97.0,47.0%,89.0,0,0,0,0,0,0,0,0,0,0,0.8%
42,Hunter Harvey,BAL,64.8%,97.0,7.4%,86.9,0,0,20.4%,83.2,0,0,7.4%,89.9,0,0,0
43,Craig Kimbrel,CHC,58.3%,97.0,0,0,0,0,41.7%,86.4,0,0,0,0,0,0,0
44,Garrett Crochet,CHW,65.7%,96.9,22.4%,85.1,0,0,0,0,11.9%,91.9,0,0,0,0,1.0%
45,Luis Castillo,CIN,51.0%,96.9,17.5%,85.4,0,0,0,0,31.5%,87.7,0,0,0,0,0.6%
46,Yacksel Rios,- - -,69.0%,96.9,19.8%,87.5,0,0,0.9%,82.0,0,0,10.3%,87.1,0,0,0
47,Codi Heuer,CHW,55.8%,96.9,23.1%,87.3,0,0,0,0,21.1%,87.9,0,0,0,0,0
48,David Bednar,PIT,53.3%,96.9,0,0,0,0,21.2%,77.0,0,0,25.6%,89.9,0,0,0
49,Jose Cisnero,DET,59.2%,96.8,34.2%,88.2,0,0,0,0,6.7%,91.0,0,0,0,0,0
50,Tejay Antone,CIN,32.0%,96.8,34.7%,83.6,0,0,33.3%,79.5,0,0,0,0,0,0,0
51,Corbin Burnes,MIL,11.9%,96.8,10.6%,87.5,55.2%,95.4,13.7%,81.5,8.6%,90.7,0,0,0,0,0
52,Alex Reyes,STL,57.1%,96.8,27.0%,85.7,0,0,11.6%,79.2,4.3%,89.6,0,0,0,0,0.7%
53,Huascar Ynoa,ATL,48.1%,96.7,46.4%,85.1,0,0,0,0,5.4%,88.4,0,0,0,0,0
54,Jose Ruiz,CHW,60.4%,96.7,2.7%,90.3,0,0,32.1%,84.8,4.8%,89.0,0,0,0,0,0.9%
55,Jake Brentz,KCR,55.6%,96.7,31.2%,84.8,0,0,0,0,13.3%,90.8,0,0,0,0,0.8%
56,Jeurys Familia,NYM,70.8%,96.7,26.0%,89.3,0,0,0,0,0,0,3.2%,92.5,0,0,0
57,Josh Staumont,KCR,70.5%,96.7,0,0,0,0,29.5%,80.8,0,0,0,0,0,0,0.2%
58,Brandon Woodruff,MIL,62.4%,96.6,11.8%,86.5,0,0,13.7%,83.9,12.1%,86.7,0,0,0,0,0
59,Kendall Graveman,SEA,65.6%,96.6,20.1%,87.6,0,0,0,0,14.3%,89.3,0,0,0,0,0
60,Hansel Robles,MIN,48.9%,96.6,11.0%,90.4,0,0,0,0,0,0,40.0%,89.2,0,0,0.4%
61,Robert Stephenson,COL,46.5%,96.6,49.8%,82.2,0,0,2.3%,78.8,1.4%,87.2,0,0,0,0,0
62,Carlos Estevez,COL,65.5%,96.5,15.0%,87.1,0,0,0,0,19.5%,88.4,0,0,0,0,0
63,Josh Sborz,TEX,58.2%,96.5,28.1%,88.3,0,0,13.7%,82.3,0,0,0,0,0,0,0.8%
64,Michael Kopech,CHW,63.6%,96.5,21.8%,84.6,0,0,9.8%,80.2,4.8%,90.0,0,0,0,0,0.8%
65,Chris Rodriguez,LAA,64.1%,96.5,3.1%,90.1,0,0,27.4%,84.7,5.4%,90.0,0,0,0,0,0
66,Jordan Sheffield,COL,69.6%,96.4,0,0,0,0,18.3%,87.9,12.2%,90.8,0,0,0,0,0
67,Trevor Megill,CHC,62.1%,96.4,12.1%,86.6,0,0,25.9%,81.8,0,0,0,0,0,0,0
68,Corey Knebel,LAD,52.8%,96.4,0,0,0,0,47.2%,80.4,0,0,0,0,0,0,0
69,Patrick Murphy,TOR,61.0%,96.4,0,0,0,0,39.0%,81.2,0,0,0,0,0,0,0
70,Connor Brogdon,PHI,50.0%,96.4,0,0,17.3%,88.5,0,0,32.7%,84.8,0,0,0,0,0.9%
71,Adrian Morejon,SDP,62.5%,96.3,5.0%,85.5,0,0,16.3%,79.2,0,0,16.3%,84.8,0,0,0
72,Nick Nelson,NYY,53.7%,96.3,8.2%,85.5,0,0,3.9%,80.0,34.1%,89.3,0,0,0,0,0
73,Robert Stock,CHC,67.1%,96.3,25.3%,85.3,0,0,2.5%,79.0,5.1%,86.0,0,0,0,0,0
74,Trevor May,NYM,55.3%,96.3,24.5%,84.7,0,0,0,0,20.2%,86.6,0,0,0,0,0.9%
75,A.J. Minter,ATL,36.9%,96.2,49.3%,89.0,0,0,0,0,13.8%,87.2,0,0,0,0,0
76,Frankie Montas,OAK,64.6%,96.2,18.6%,88.7,0,0,0,0,0,0,16.8%,87.5,0,0,0
77,Ryan Hendrix,CIN,42.5%,96.2,0,0,0,0,56.6%,85.9,0.9%,90.7,0,0,0,0,1.1%
78,Dan Altavilla,SDP,50.0%,96.2,50.0%,90.0,0,0,0,0,0,0,0,0,0,0,0
79,Matt Barnes,BOS,53.6%,96.2,0,0,0,0,46.4%,85.7,0,0,0,0,0,0,0.9%
80,James Karinchak,CLE,69.7%,96.1,0,0,0,0,30.3%,83.9,0,0,0,0,0,0,0
81,Josh Hader,MIL,64.9%,96.1,28.0%,83.9,0,0,0,0,7.1%,87.1,0,0,0,0,0
82,Tanner Rainey,WSN,63.6%,96.1,36.4%,87.2,0,0,0,0,0,0,0,0,0,0,0.4%
83,Raisel Iglesias,LAA,42.8%,96.1,28.6%,84.7,0,0,0,0,28.6%,89.1,0,0,0,0,0
84,Enyel De Los Santos,PHI,75.8%,96.1,19.4%,83.1,0,0,0,0,4.8%,89.3,0,0,0,0,0
85,Cionel Perez,CIN,62.2%,96.1,28.5%,82.1,0,0,0,0,9.3%,88.8,0,0,0,0,1.2%
86,Dylan Cease,CHW,48.3%,96.1,29.1%,85.4,0,0,13.4%,79.3,9.3%,78.4,0,0,0,0,0
87,Lou Trivino,OAK,61.6%,96.1,0,0,20.0%,93.1,11.4%,78.7,7.1%,87.8,0,0,0,0,1.1%
88,Alex Lange,DET,47.6%,96.0,0,0,0,0,46.0%,84.0,6.4%,88.7,0,0,0,0,0
89,Jackson Kowar,KCR,58.0%,96.0,0,0,0,0,6.5%,78.3,35.5%,85.9,0,0,0,0,0
90,Kyle Keller,PIT,65.8%,96.0,0,0,0,0,34.2%,83.3,0,0,0,0,0,0,0
91,Tyler Matzek,ATL,68.4%,95.9,21.8%,85.1,0,0,9.8%,82.1,0,0,0,0,0,0,0
92,Yimi Garcia,MIA,42.2%,95.9,17.2%,83.9,33.9%,90.4,0,0,6.7%,88.3,0,0,0,0,2.8%
93,Aaron Bummer,CHW,68.5%,95.9,22.3%,83.3,9.2%,88.5,0,0,0,0,0,0,0,0,0.9%
94,Hirokazu Sawamura,BOS,46.4%,95.9,19.9%,86.4,0,0,0,0,0,0,33.7%,91.8,0,0,1.0%
95,Carlos Rodon,CHW,57.3%,95.9,25.6%,86.1,0,0,2.1%,76.3,15.0%,85.7,0,0,0,0,0.3%
96,Trevor Stephan,CLE,61.0%,95.9,34.3%,82.6,0,0,0,0,4.8%,85.5,0,0,0,0,0
97,Yoan Lopez,ARI,51.6%,95.8,48.4%,86.6,0,0,0,0,0,0,0,0,0,0,2.3%
98,Luke Jackson,ATL,40.8%,95.8,49.1%,87.5,0,0,10.2%,84.3,0,0,0,0,0,0,0.9%
99,Ryan Borucki,TOR,58.4%,95.8,0,0,38.1%,87.0,0,0,3.6%,85.3,0,0,0,0,0
100,Brooks Kriske,NYY,65.2%,95.8,7.6%,84.2,0,0,0,0,0,0,27.3%,85.2,0,0,0
101,Scott Barlow,KCR,33.3%,95.8,45.7%,85.5,0,0,21.0%,79.6,0,0,0,0,0,0,0.7%
102,Nate Pearson,TOR,67.2%,95.7,20.3%,85.4,0,0,7.8%,74.4,4.7%,83.3,0,0,0,0,0
103,Michael Fulmer,DET,48.1%,95.7,34.7%,90.3,0,0,2.4%,79.9,14.8%,87.8,0,0,0,0,0
104,JT Chargois,SEA,24.4%,95.7,75.6%,86.2,0,0,0,0,0,0,0,0,0,0,0
105,Garrett Cleavinger,LAD,59.1%,95.7,40.9%,83.7,0,0,0,0,0,0,0,0,0,0,0
106,Garrett Whitlock,BOS,60.1%,95.6,13.5%,82.5,0,0,0,0,26.4%,82.9,0,0,0,0,0.7%
107,Ryan Pressly,HOU,44.4%,95.6,33.6%,90.5,0,0,22.0%,81.8,0,0,0,0,0,0,0.9%
108,Jesus Luzardo,OAK,59.2%,95.6,21.0%,84.3,0,0,0.5%,81.0,19.3%,86.7,0,0,0,0,0
109,Pierce Johnson,SDP,26.9%,95.6,0,0,0,0,73.1%,84.4,0,0,0,0,0,0,1.1%
110,Taylor Rogers,MIN,47.2%,95.6,52.8%,83.8,0,0,0,0,0,0,0,0,0,0,1.8%
111,Wandy Peralta,- - -,36.3%,95.6,25.5%,88.4,0,0,0,0,38.2%,88.4,0,0,0,0,0
112,Tommy Nance,CHC,67.1%,95.6,12.0%,87.7,0,0,20.8%,85.5,0,0,0,0,0,0,0
113,Yusei Kikuchi,SEA,32.0%,95.6,19.8%,83.1,39.8%,91.6,0,0,0,0,8.4%,87.0,0,0,0
114,Taylor Clarke,ARI,55.7%,95.6,26.9%,87.8,0,0,2.8%,78.7,14.6%,89.1,0,0,0,0,1.7%
115,Sean Newcomb,ATL,59.4%,95.6,25.1%,87.3,0,0,14.8%,79.8,0.7%,89.0,0,0,0,0,0
116,Nate Jones,- - -,62.8%,95.6,36.2%,87.3,0,0,0,0,1.0%,89.3,0,0,0,0,4.2%
117,Clay Holmes,PIT,46.1%,95.6,31.6%,88.0,0,0,22.3%,82.8,0,0,0,0,0,0,0.8%
118,Shohei Ohtani,LAA,53.8%,95.6,12.6%,80.7,9.3%,85.3,4.1%,74.3,0,0,20.1%,87.8,0,0,0
119,Taylor Hearn,TEX,67.6%,95.6,19.9%,84.0,0,0,0,0,12.5%,86.2,0,0,0,0,0
120,Dillon Maples,CHC,46.8%,95.5,35.5%,87.5,0,0,17.7%,84.2,0,0,0,0,0,0,0
121,Kyle Funkhouser,DET,64.7%,95.5,27.7%,86.5,0,0,0,0,7.6%,89.3,0,0,0,0,0
122,Johan Oviedo,STL,53.0%,95.5,25.6%,85.9,0,0,12.3%,76.9,9.1%,87.8,0,0,0,0,0.7%
123,Art Warren,CIN,35.8%,95.5,61.8%,86.9,0,0,2.4%,82.7,0,0,0,0,0,0,0
124,Zack Burdi,CHW,47.7%,95.5,35.5%,87.9,0,0,0,0,16.8%,89.8,0,0,0,0,0
125,Blake Snell,SDP,47.6%,95.5,20.4%,87.1,0,0,15.4%,79.5,16.5%,88.8,0,0,0,0,0.3%
126,Tyler Chatwood,TOR,54.1%,95.5,0,0,37.8%,89.1,4.4%,81.1,3.7%,87.5,0,0,0,0,0
127,Kyle Finnegan,WSN,69.2%,95.5,19.2%,87.7,0,0,0,0,0,0,11.6%,87.6,0,0,0.7%
128,Dinelson Lamet,SDP,48.1%,95.5,51.7%,86.4,0,0,0,0,0.2%,91.0,0,0,0,0,0
129,Tyler Kinley,COL,45.7%,95.4,50.1%,90.3,0,0,0,0,4.2%,86.7,0,0,0,0,1.0%
130,Anthony Castro,TOR,46.8%,95.4,0,0,0,0,51.8%,84.5,1.3%,89.8,0,0,0,0,1.7%
131,Anthony Bass,MIA,48.6%,95.4,51.2%,85.3,0,0,0,0,0,0,0.3%,87.0,0,0,1.3%
132,Walker Buehler,LAD,58.2%,95.4,13.5%,85.6,12.3%,91.9,15.4%,80.5,0.7%,91.7,0,0,0,0,0.3%
133,Chad Green,NYY,65.0%,95.4,0,0,0,0,35.0%,84.4,0,0,0,0,0,0,0.7%
134,Enoli Paredes,HOU,66.1%,95.4,22.8%,85.1,0,0,11.0%,81.7,0,0,0,0,0,0,0
135,Rafael Montero,SEA,60.0%,95.4,18.4%,85.7,0,0,0,0,21.5%,89.6,0,0,0,0,0.4%
136,Robbie Ray,TOR,56.7%,95.4,28.9%,89.1,0,0,10.1%,82.6,4.2%,88.0,0,0,0,0,0
137,Zach Pop,MIA,65.1%,95.3,34.9%,85.0,0,0,0,0,0,0,0,0,0,0,0.9%
138,Yennsy Diaz,NYM,58.7%,95.3,15.9%,85.8,0,0,0,0,25.4%,89.5,0,0,0,0,0
139,Drew Smith,NYM,60.2%,95.3,0,0,28.2%,88.7,9.7%,78.1,1.9%,85.5,0,0,0,0,3.7%
140,Bryan Abreu,HOU,46.0%,95.3,37.2%,88.9,0,0,16.7%,86.7,0,0,0,0,0,0,0
141,Devin Williams,MIL,36.9%,95.3,2.4%,83.2,0,0,0,0,60.7%,83.8,0,0,0,0,0
142,Dominic Leone,SFG,53.6%,95.2,23.2%,83.6,23.2%,90.0,0,0,0,0,0,0,0,0,0
143,Jorge Lopez,BAL,59.7%,95.2,4.4%,86.5,0,0,22.9%,82.3,13.0%,88.4,0,0,0,0,0.4%
144,Kyle Cody,TEX,48.8%,95.2,36.8%,83.7,0,0,0,0,14.4%,85.6,0,0,0,0,0
145,Jordan Holloway,MIA,43.5%,95.2,45.7%,85.7,0,0,10.6%,79.9,0.3%,90.0,0,0,0,0,0
146,Jeremy Beasley,TOR,55.6%,95.2,24.2%,83.0,0,0,1.5%,78.7,0,0,18.7%,86.9,0,0,4.0%
147,Andrew Kittredge,TBR,54.4%,95.1,45.1%,88.5,0,0,0,0,0,0,0.5%,88.5,0,0,3.0%
148,John Curtiss,MIA,48.6%,95.1,51.4%,87.9,0,0,0,0,0,0,0,0,0,0,0
149,Charlie Morton,ATL,52.6%,95.1,0,0,10.7%,87.6,34.4%,80.0,2.4%,86.2,0,0,0,0,0.3%
150,Heath Hembree,CIN,51.4%,95.1,47.4%,86.1,0,0,1.2%,82.8,0,0,0,0,0,0,0
151,Jake Diekman,OAK,69.2%,95.1,30.4%,83.6,0,0,0,0,0.4%,85.5,0,0,0,0,0.7%
152,Ronald Bolanos,KCR,52.8%,95.1,31.1%,85.8,0,0,13.2%,79.7,2.8%,90.0,0,0,0,0,0
153,Jason Foley,DET,72.4%,95.1,23.5%,83.7,0,0,0,0,0,0,4.1%,90.0,0,0,0
154,Dennis Santana,LAD,51.6%,95.0,26.7%,86.6,0,0,0,0,21.7%,87.2,0,0,0,0,0.4%
155,Matt Bush,TEX,53.6%,95.0,33.9%,86.1,0,0,12.5%,78.7,0,0,0,0,0,0,0
156,Zack Littell,SFG,52.7%,95.0,0,0,38.7%,87.8,0,0,0,0,8.6%,85.7,0,0,0
157,Luis Patino,TBR,60.1%,95.0,30.6%,86.7,0,0,3.5%,79.9,5.9%,88.2,0,0,0,0,0
158,Rex Brothers,CHC,65.7%,95.0,34.3%,86.5,0,0,0,0,0,0,0,0,0,0,0.9%
159,Diego Castillo,TBR,29.6%,95.0,70.4%,86.9,0,0,0,0,0,0,0,0,0,0,1.8%
160,Chris Paddack,SDP,60.6%,94.9,0,0,1.3%,91.6,9.6%,78.7,28.5%,85.2,0,0,0,0,0
161,Steven Matz,TOR,47.3%,94.9,12.4%,88.9,0,0,16.6%,78.0,23.8%,85.8,0,0,0,0,0
162,Daniel Lynch,KCR,54.0%,94.9,29.9%,85.5,0,0,1.1%,80.5,14.9%,84.9,0,0,0,0,0
163,Lucas Sims,CIN,40.6%,94.9,43.3%,84.9,0,0,16.1%,81.6,0,0,0,0,0,0,1.6%
164,Erik Swanson,SEA,66.0%,94.9,23.0%,86.7,0,0,0,0,0,0,11.0%,83.6,0,0,0
165,Mitch White,LAD,56.8%,94.9,11.9%,87.7,0,0,31.2%,83.0,0,0,0,0,0,0,0.4%
166,Yohan Ramirez,SEA,67.8%,94.9,32.2%,82.7,0,0,0,0,0,0,0,0,0,0,0
167,Darwinzon Hernandez,BOS,74.5%,94.9,21.2%,83.4,0,0,4.2%,79.3,0,0,0,0,0,0,0
168,German Marquez,COL,52.4%,94.9,21.4%,86.4,0,0,24.3%,85.0,1.9%,86.0,0,0,0,0,0.6%
169,Jordan Weems,OAK,62.7%,94.9,27.7%,86.1,0,0,0,0,0,0,9.6%,87.1,0,0,0
170,Keynan Middleton,SEA,54.7%,94.9,32.7%,84.8,0,0,0,0,12.6%,86.9,0,0,0,0,0
171,Cal Quantrill,CLE,56.2%,94.9,23.7%,87.7,0,0,3.7%,83.6,16.4%,85.8,0,0,0,0,0
172,Sam Hentges,CLE,48.3%,94.8,22.7%,86.4,0,0,28.3%,80.7,0.7%,87.5,0,0,0,0,0
173,Nick Pivetta,BOS,51.6%,94.8,26.6%,85.9,0,0,20.6%,79.1,1.2%,88.9,0,0,0,0,0
174,Emilio Pagan,SDP,59.4%,94.8,39.2%,86.8,0,0,0,0,1.5%,86.9,0,0,0,0,0
175,Rafael Dolis,TOR,67.6%,94.8,20.9%,86.1,0,0,0,0,0,0,11.5%,86.9,0,0,1.3%
176,Tyler Zuber,KCR,61.4%,94.8,25.2%,84.7,0,0,7.8%,79.6,5.5%,85.6,0,0,0,0,1.2%
177,Hunter Strickland,- - -,58.2%,94.8,38.7%,84.9,0,0,0,0,0,0,3.1%,89.2,0,0,0.2%
178,Ian Anderson,ATL,48.3%,94.8,0,0,0,0,20.0%,80.5,31.6%,88.0,0,0,0,0,0
179,Keone Kela,SDP,53.2%,94.8,0,0,0,0,46.3%,81.6,0.5%,90.0,0,0,0,0,0
180,Tony Santillan,CIN,52.0%,94.7,39.3%,84.3,0,0,0,0,8.7%,88.2,0,0,0,0,0
181,Kyle Muller,ATL,44.0%,94.7,32.0%,89.0,0,0,24.0%,82.5,0,0,0,0,0,0,0
182,Mike Mayers,LAA,30.8%,94.7,23.7%,85.1,45.5%,91.1,0,0,0,0,0,0,0,0,0
183,Amir Garrett,CIN,47.2%,94.7,52.8%,84.7,0,0,0,0,0,0,0,0,0,0,2.1%
184,Yu Darvish,SDP,25.8%,94.7,22.8%,81.8,37.5%,86.2,8.9%,75.4,0.5%,85.1,4.4%,90.6,0,0,0
185,Kevin Ginkel,ARI,59.5%,94.7,40.3%,83.9,0,0,0,0,0.2%,85.0,0,0,0,0,0
186,Jesse Hahn,KCR,65.9%,94.7,10.2%,84.9,0,0,22.7%,77.7,1.1%,90.0,0,0,0,0,0
187,Jake McGee,SFG,88.4%,94.7,11.6%,82.2,0,0,0,0,0,0,0,0,0,0,0.9%
188,Logan Gilbert,SEA,59.5%,94.7,24.8%,81.5,0,0,10.2%,73.8,5.5%,78.8,0,0,0,0,0.3%
189,Trevor Rogers,MIA,58.8%,94.7,14.4%,82.1,0,0,0,0,26.8%,85.5,0,0,0,0,0
190,Keegan Thompson,CHC,41.3%,94.7,0,0,29.1%,90.2,26.4%,82.8,3.2%,87.5,0,0,0,0,1.0%
191,Luis Oviedo,PIT,50.6%,94.6,26.3%,81.5,0,0,18.0%,75.8,5.1%,85.6,0,0,0,0,1.2%
192,Joel Payamps,TOR,62.2%,94.6,27.3%,80.7,0,0,0,0,10.5%,86.6,0,0,0,0,1.9%
193,Anthony Kay,TOR,53.7%,94.6,0,0,18.0%,88.1,16.3%,78.8,12.1%,86.3,0,0,0,0,0
194,Chris Martin,ATL,54.7%,94.6,21.4%,83.0,14.1%,91.0,0,0,0,0,9.9%,87.2,0,0,0.5%
195,Spencer Howard,PHI,71.2%,94.6,10.5%,81.6,0,0,7.3%,74.0,11.0%,79.3,0,0,0,0,0
196,Dillon Tate,BAL,59.0%,94.6,29.6%,85.1,0,0,0,0,11.4%,84.0,0,0,0,0,0
197,J.B. Bukauskas,ARI,48.9%,94.6,38.8%,86.5,0,0,0,0,12.2%,89.0,0,0,0,0,0
198,Tyler Wells,BAL,57.5%,94.5,23.4%,88.0,0,0,6.7%,78.8,12.5%,88.0,0,0,0,0,0
199,Kevin Gausman,SFG,50.6%,94.5,6.9%,82.0,0,0,0,0,5.3%,84.1,37.2%,83.7,0,0,0
200,Beau Burrows,DET,66.0%,94.5,20.0%,87.1,0,0,0,0,14.0%,87.3,0,0,0,0,0
201,Adam Ottavino,BOS,45.5%,94.5,51.7%,80.6,2.8%,87.1,0,0,0,0,0,0,0,0,0
202,Taylor Williams,SDP,57.3%,94.5,42.7%,85.4,0,0,0,0,0,0,0,0,0,0,0
203,Tanner Houck,BOS,55.1%,94.5,41.1%,84.1,0,0,0,0,0,0,3.8%,89.0,0,0,0
204,JoJo Romero,PHI,62.6%,94.5,17.0%,83.9,0,0,0,0,20.5%,85.7,0,0,0,0,2.3%
205,Jacob Webb,ATL,45.4%,94.4,7.3%,81.6,0,0,0,0,47.3%,83.6,0,0,0,0,1.3%
206,Victor Gonzalez,LAD,58.4%,94.4,41.6%,84.9,0,0,0,0,0,0,0,0,0,0,0
207,Josh Taylor,BOS,53.7%,94.4,41.1%,86.5,0,0,5.2%,79.8,0,0,0,0,0,0,0
208,Patrick Weigel,MIL,41.9%,94.4,54.8%,80.7,0,0,1.1%,75.0,0,0,2.2%,86.5,0,0,0
209,Mitch Keller,PIT,57.3%,94.4,23.0%,86.8,0,0,16.0%,78.6,3.8%,91.0,0,0,0,0,0.1%
210,Ryan Burr,CHW,55.0%,94.4,19.0%,78.3,26.0%,86.3,0,0,0,0,0,0,0,0,0
211,Tyler Mahle,CIN,51.2%,94.4,36.9%,87.2,0,0,0,0,0,0,11.9%,86.4,0,0,0
212,Ian Kennedy,TEX,82.0%,94.4,0,0,1.8%,87.8,5.9%,79.7,10.3%,87.5,0,0,0,0,2.4%
213,Angel Perdomo,MIL,65.8%,94.4,21.2%,83.2,0,0,0,0,13.1%,88.1,0,0,0,0,0.8%
214,Geoff Hartlieb,PIT,59.0%,94.3,41.0%,84.7,0,0,0,0,0,0,0,0,0,0,0
215,Edgar Santana,ATL,60.8%,94.3,39.2%,86.9,0,0,0,0,0,0,0,0,0,0,0
216,Jacob Barnes,NYM,54.3%,94.3,0.3%,84.0,40.3%,88.9,0,0,0,0,5.1%,87.8,0,0,0
217,Chad Kuhl,PIT,38.9%,94.3,43.3%,88.3,0,0,12.3%,80.8,5.5%,88.8,0,0,0,0,0
218,Ty Tice,TOR,45.7%,94.3,35.7%,87.5,0,0,18.6%,80.2,0,0,0,0,0,0,0
219,Drew Pomeranz,SDP,78.2%,94.3,0,0,0,0,21.8%,84.5,0,0,0,0,0,0,1.3%
220,Tarik Skubal,DET,54.9%,94.3,22.1%,86.1,0,0,7.3%,73.7,3.8%,82.7,11.9%,83.2,0,0,0
221,Antonio Senzatela,COL,52.5%,94.3,33.6%,85.8,0,0,5.0%,77.3,8.9%,85.9,0,0,0,0,0
222,Kyle Zimmer,KCR,47.6%,94.3,39.6%,83.0,0,0,10.8%,77.8,2.0%,87.6,0,0,0,0,0
223,Sean Poppen,PIT,48.5%,94.3,42.6%,84.5,0,0,0,0,8.9%,85.1,0,0,0,0,0
224,Julio Urias,LAD,51.1%,94.3,0,0,0,0,33.0%,81.7,15.9%,87.2,0,0,0,0,1.0%
225,Miguel Diaz,SDP,44.9%,94.3,3.4%,87.9,0,0,0,0,51.7%,85.6,0,0,0,0,0
226,Mychal Givens,COL,45.2%,94.3,14.9%,85.9,0,0,0,0,39.9%,82.6,0,0,0,0,2.1%
227,Spencer Turnbull,DET,60.5%,94.2,24.4%,85.3,0,0,7.6%,79.9,7.5%,87.1,0,0,0,0,0
228,Carl Edwards Jr.,- - -,63.1%,94.2,0,0,0,0,36.9%,79.5,0,0,0,0,0,0,0
229,Keury Mella,ARI,76.0%,94.2,18.0%,81.4,0,0,0,0,6.0%,83.7,0,0,0,0,0
230,Jon Gray,COL,47.0%,94.2,36.9%,86.2,0,0,4.4%,75.5,11.6%,87.0,0,0,0,0,0.4%
231,Jose Berrios,MIN,56.9%,94.2,0,0,0,0,31.5%,83.6,11.6%,85.7,0,0,0,0,0
232,Anthony Misiewicz,SEA,29.2%,94.2,0,0,41.9%,88.6,28.9%,81.3,0,0,0,0,0,0,1.7%
233,Austin Adams,SDP,11.0%,94.2,89.0%,87.1,0,0,0,0,0,0,0,0,0,0,0
234,Garrett Richards,BOS,58.6%,94.2,26.3%,88.3,0,0,15.1%,79.5,0,0,0,0,0,0,0
235,Eduard Bazardo,BOS,34.6%,94.2,1.9%,90.0,0,0,63.5%,82.5,0,0,0,0,0,0,0
236,Giovanny Gallegos,STL,47.9%,94.2,45.3%,85.6,0,0,0,0,6.8%,87.1,0,0,0,0,0.7%
237,Corbin Martin,ARI,64.4%,94.1,9.5%,87.8,0,0,11.7%,82.3,14.5%,87.2,0,0,0,0,0
238,James Paxton,SEA,66.7%,94.1,0,0,29.2%,86.1,4.2%,78.0,0,0,0,0,0,0,0
239,Jimmy Lambert,CHW,37.8%,94.1,12.2%,82.6,0,0,12.2%,75.4,37.8%,85.1,0,0,0,0,0
240,Juan Minaya,MIN,43.2%,94.1,8.0%,84.9,0,0,0,0,48.9%,88.1,0,0,0,0,0
241,Nick Sandlin,CLE,50.5%,94.1,46.8%,78.8,0,0,0,0,0,0,2.7%,86.2,0,0,0
242,Max Scherzer,WSN,48.6%,94.1,19.3%,85.8,9.8%,89.9,8.5%,76.7,13.8%,85.1,0,0,0,0,0
243,Robert Gsellman,NYM,62.8%,94.1,19.6%,89.5,0,0,0.8%,77.7,16.8%,84.8,0,0,0,0,0
244,Joe Jimenez,DET,55.4%,94.1,30.0%,83.3,0,0,0,0,14.7%,89.9,0,0,0,0,0
245,Jimmie Sherfy,SFG,36.0%,94.1,64.0%,80.1,0,0,0,0,0,0,0,0,0,0,0
246,Bryan Garcia,DET,55.0%,94.1,27.2%,86.8,0,0,0,0,17.8%,85.9,0,0,0,0,0.8%
247,Anthony DeSclafani,SFG,47.0%,94.1,33.3%,87.4,0,0,8.7%,83.2,11.0%,88.0,0,0,0,0,0.3%
248,Matt Foster,CHW,61.0%,94.0,5.4%,84.4,0,0,0,0,33.7%,85.1,0,0,0,0,0
249,Mike Foltynewicz,TEX,54.8%,94.0,27.1%,83.3,0,0,5.6%,77.9,12.5%,85.8,0,0,0,0,0
250,John Brebbia,SFG,30.0%,94.0,70.0%,80.4,0,0,0,0,0,0,0,0,0,0,0
251,Jose Urena,DET,62.8%,94.0,23.9%,85.3,0,0,0,0,13.3%,89.7,0,0,0,0,0
252,Joely Rodriguez,TEX,58.9%,94.0,2.4%,85.5,0,0,0,0,38.8%,88.4,0,0,0,0,1.2%
253,Austin Voth,WSN,62.7%,94.0,12.6%,90.2,0,0,24.0%,78.4,0.6%,88.3,0,0,0,0,1.7%
254,Tony Gonsolin,LAD,49.7%,94.0,17.6%,87.1,0,0,7.8%,82.1,0,0,24.9%,83.9,0,0,0
255,Justin Steele,CHC,64.4%,94.0,31.3%,82.2,0,0,3.9%,77.8,0.4%,90.0,0,0,0,0,2.1%
256,Seth Elledge,STL,70.4%,94.0,0,0,0,0,29.6%,83.0,0,0,0,0,0,0,0
257,Brad Keller,KCR,64.2%,94.0,30.7%,86.4,0,0,0,0,5.1%,89.6,0,0,0,0,0.2%
258,Casey Mize,DET,51.4%,94.0,0,0,26.2%,86.9,7.6%,81.8,0,0,14.8%,86.7,0,0,0
259,Ryan Weathers,SDP,59.8%,93.9,32.1%,86.6,0,0,0,0,8.1%,86.8,0,0,0,0,0
260,Jose Quijada,LAA,71.7%,93.9,13.2%,80.9,0,0,0,0,15.1%,86.5,0,0,0,0,7.5%
261,Matt Manning,DET,70.1%,93.9,0,0,0,0,20.8%,80.4,9.1%,88.0,0,0,0,0,0
262,Pablo Lopez,MIA,44.7%,93.9,0,0,12.6%,91.7,10.1%,80.2,32.6%,88.1,0,0,0,0,0.3%
263,Wil Crowe,PIT,51.7%,93.9,25.2%,85.8,0,0,7.3%,81.0,15.8%,85.5,0,0,0,0,0
264,Taijuan Walker,NYM,56.5%,93.9,18.0%,85.3,3.6%,87.6,9.5%,76.0,0,0,12.4%,89.5,0,0,0
265,Brett De Geus,TEX,55.3%,93.9,0,0,18.7%,87.9,26.1%,82.3,0,0,0,0,0,0,0
266,Cristopher Sanchez,PHI,59.1%,93.9,27.3%,81.7,0,0,0,0,13.6%,83.3,0,0,0,0,0
267,Jimmy Nelson,LAD,35.3%,93.9,31.0%,86.7,0,0,33.7%,85.2,0,0,0,0,0,0,0
268,A.J. Puk,OAK,66.2%,93.9,24.6%,87.1,0,0,3.1%,81.5,6.2%,90.3,0,0,0,0,0
269,Reyes Moronta,SFG,39.6%,93.9,45.8%,80.5,0,0,0,0,14.6%,87.1,0,0,0,0,0
270,Trevor Bauer,LAD,47.4%,93.9,18.0%,80.8,21.2%,85.3,11.4%,79.7,2.0%,87.7,0,0,0,0,0
271,Buck Farmer,DET,49.0%,93.9,0,0,0,0,28.3%,82.3,22.7%,87.5,0,0,0,0,0
272,Alek Manoah,TOR,62.6%,93.9,26.1%,81.9,0,0,0,0,11.4%,88.0,0,0,0,0,0
273,Brent Honeywell,TBR,50.0%,93.9,25.6%,86.4,0,0,0,0,23.1%,85.2,1.3%,82.0,0,0,0
274,Wily Peralta,DET,55.9%,93.9,27.9%,81.8,0,0,0,0,0,0,16.2%,82.3,0,0,0
275,Reymin Guduan,OAK,63.8%,93.9,36.2%,82.9,0,0,0,0,0,0,0,0,0,0,0
276,Yency Almonte,COL,45.8%,93.9,41.3%,83.8,0,0,0,0,12.9%,87.0,0,0,0,0,0
277,Jameson Taillon,NYY,54.1%,93.9,21.4%,87.3,0,0,19.4%,80.8,5.1%,87.9,0,0,0,0,0
278,Tim Mayza,TOR,72.9%,93.9,27.1%,87.9,0,0,0,0,0,0,0,0,0,0,0
279,Erick Fedde,WSN,46.6%,93.9,14.7%,79.9,25.4%,89.9,0,0,13.3%,87.5,0,0,0,0,2.3%
280,A.J. Cole,TOR,42.1%,93.8,21.9%,84.8,21.1%,89.4,11.4%,78.4,3.5%,87.8,0,0,0,0,0
281,Zac Gallen,ARI,53.7%,93.8,2.5%,84.2,13.5%,87.9,11.6%,80.3,18.6%,86.9,0,0,0,0,0
282,Louis Head,TBR,46.8%,93.8,51.1%,83.0,0,0,0,0,2.2%,90.0,0,0,0,0,0
283,Alex Colome,MIN,40.4%,93.8,0,0,59.6%,89.3,0,0,0,0,0,0,0,0,0
284,Michael King,NYY,59.0%,93.8,18.9%,86.7,3.9%,90.0,3.2%,78.7,15.1%,84.9,0,0,0,0,0
285,Antonio Santos,COL,60.4%,93.8,10.4%,82.6,0,0,12.5%,77.3,16.7%,84.1,0,0,0,0,0
286,Cody Poteet,MIA,48.5%,93.8,19.7%,85.8,0,0,12.9%,79.5,18.9%,86.8,0,0,0,0,0
287,Bryan Shaw,CLE,0.8%,93.8,10.5%,84.2,75.4%,93.1,6.3%,82.5,7.1%,83.5,0,0,0,0,0
288,Blake Taylor,HOU,74.9%,93.7,25.1%,83.3,0,0,0,0,0,0,0,0,0,0,1.8%
289,Lucas Giolito,CHW,43.9%,93.7,17.1%,86.2,0,0,1.5%,81.8,37.5%,81.6,0,0,0,0,0
290,Danny Duffy,KCR,53.6%,93.7,20.7%,83.6,0,0,10.0%,77.7,15.7%,84.9,0,0,0,0,0
291,Duane Underwood Jr.,PIT,43.4%,93.7,1.4%,85.2,0,0,26.6%,80.7,28.5%,87.5,0,0,0,0,0
292,Jason Adam,CHC,59.2%,93.7,20.1%,82.4,0,0,10.3%,78.1,10.3%,87.0,0,0,0,0,0
293,Brad Brach,CIN,53.1%,93.7,8.3%,84.1,0,0,0,0,38.6%,86.6,0,0,0,0,1.8%
294,Austin Davis,PIT,51.9%,93.7,48.1%,80.7,0,0,0,0,0,0,0,0,0,0,0
295,Lucas Gilbreath,COL,67.6%,93.7,32.4%,82.5,0,0,0,0,0,0,0,0,0,0,0
296,Sam Howard,PIT,45.9%,93.7,54.1%,84.9,0,0,0,0,0,0,0,0,0,0,0
297,Brady Singer,KCR,61.3%,93.7,34.8%,85.1,0,0,0,0,3.9%,87.8,0,0,0,0,0
298,Derek Holland,DET,62.2%,93.7,22.9%,82.3,0,0,4.9%,79.9,10.1%,85.0,0,0,0,0,0
299,Ryan Tepera,CHC,43.0%,93.7,1.1%,80.6,43.8%,86.8,0,0,0,0,12.1%,87.0,0,0,0
300,Max Fried,ATL,51.8%,93.7,23.1%,85.4,0,0,23.7%,74.8,1.4%,85.3,0,0,0,0,0
301,Jefry Rodriguez,WSN,65.0%,93.7,0,0,0,0,33.3%,79.8,1.7%,88.0,0,0,0,0,0
302,Justin Dunn,SEA,52.3%,93.7,14.8%,84.1,0,0,32.2%,80.2,0.7%,89.7,0,0,0,0,0
303,Isaac Mattson,BAL,66.7%,93.7,0,0,0,0,16.7%,81.0,16.7%,86.7,0,0,0,0,0
304,Kenley Jansen,LAD,31.1%,93.7,9.9%,82.2,59.0%,92.1,0,0,0,0,0,0,0,0,2.6%
305,Michael Feliz,- - -,61.5%,93.7,35.3%,80.8,0,0,0,0,3.2%,85.9,0,0,0,0,0
306,Griffin Canning,LAA,40.2%,93.7,28.9%,88.3,0,0,10.6%,82.1,20.3%,89.3,0,0,0,0,0.2%
307,Patrick Sandoval,LAA,44.2%,93.6,11.7%,86.4,0,0,10.3%,78.3,33.8%,84.7,0,0,0,0,0
308,Adrian Houser,MIL,66.2%,93.6,7.9%,84.1,0,0,15.3%,80.5,10.6%,87.5,0,0,0,0,0
309,Lance Lynn,CHW,62.8%,93.6,30.5%,88.4,0,0,2.6%,81.2,0,0,4.0%,88.0,0,0,0.3%
310,Jeff Hoffman,CIN,53.9%,93.6,18.2%,82.5,0,0,16.0%,77.6,11.8%,85.4,0,0,0,0,0.5%
311,Jack Flaherty,STL,55.5%,93.6,29.7%,84.0,0,0,13.1%,76.6,1.7%,84.2,0,0,0,0,0.4%
312,Adbert Alzolay,CHC,48.4%,93.6,44.5%,86.3,0,0,3.7%,82.4,3.4%,85.0,0,0,0,0,0
313,Shelby Miller,CHC,75.3%,93.6,0,0,5.9%,87.4,18.8%,80.3,0,0,0,0,0,0,0
314,Travis Lakins,BAL,33.6%,93.6,0,0,42.1%,91.4,18.1%,80.7,6.2%,88.1,0,0,0,0,0
315,Brad Boxberger,MIL,51.8%,93.6,24.7%,88.5,0,0,0,0,23.5%,82.4,0,0,0,0,0.2%
316,Tayler Saucedo,TOR,78.6%,93.5,14.3%,87.5,0,0,7.1%,82.0,0,0,0,0,0,0,0
317,Will Vest,SEA,58.1%,93.5,23.0%,85.2,0,0,0,0,18.8%,84.3,0,0,0,0,0
318,Lance McCullers Jr.,HOU,34.7%,93.5,20.3%,85.9,4.9%,88.0,21.3%,84.4,18.7%,85.6,0,0,0,0,0
319,J.P. Feyereisen,- - -,49.5%,93.5,29.9%,86.3,0,0,0,0,20.6%,87.8,0,0,0,0,0
320,T.J. Zeuch,TOR,58.7%,93.5,19.6%,83.0,14.3%,86.7,0,0,7.3%,81.8,0,0,0,0,0
321,David Phelps,TOR,40.2%,93.5,0,0,29.6%,90.4,25.9%,81.8,4.2%,86.6,0,0,0,0,0
322,Jake Newberry,KCR,44.0%,93.5,52.0%,84.8,0,0,0,0,4.0%,87.8,0,0,0,0,0
323,Peter Solomon,HOU,61.1%,93.5,8.3%,85.0,0,0,25.0%,78.6,5.6%,81.5,0,0,0,0,0
324,Shawn Armstrong,BAL,50.5%,93.5,0,0,40.0%,88.5,9.5%,84.0,0,0,0,0,0,0,0
325,Seth Lugo,NYM,51.9%,93.5,10.7%,88.1,0,0,29.8%,78.4,7.6%,86.7,0,0,0,0,0
326,Sean Reid-Foley,NYM,64.0%,93.5,22.4%,83.9,0,0,0,0,13.5%,86.7,0,0,0,0,1.3%
327,Joe Ross,WSN,58.4%,93.5,33.1%,85.3,0,0,0,0,8.5%,89.1,0,0,0,0,1.1%
328,Burch Smith,OAK,72.0%,93.5,0,0,0,0,13.7%,78.9,14.3%,81.2,0,0,0,0,0
329,Matt Harvey,BAL,59.8%,93.4,19.2%,86.6,0,0,11.2%,80.6,9.8%,85.2,0,0,0,0,0
330,Anthony Swarzak,- - -,52.0%,93.4,48.0%,85.8,0,0,0,0,0,0,0,0,0,0,0
331,Dan Winkler,CHC,38.4%,93.4,6.5%,82.5,55.1%,91.0,0,0,0,0,0,0,0,0,0
332,Jeffrey Springs,TBR,39.8%,93.4,34.2%,83.2,0,0,0,0,26.0%,83.7,0,0,0,0,0
333,Hector Neris,PHI,47.0%,93.4,2.3%,86.1,0,0,0,0,0,0,50.7%,84.0,0,0,0
334,Zach Plesac,CLE,40.6%,93.4,25.3%,87.7,0,0,11.8%,80.9,22.2%,85.9,0,0,0,0,0.1%
335,Domingo German,NYY,44.2%,93.4,0,0,0,0,32.5%,81.0,23.3%,86.4,0,0,0,0,0.3%
336,Jean Carlos Mejia,CLE,65.3%,93.4,19.5%,84.2,0,0,4.4%,82.6,10.8%,88.5,0,0,0,0,0
337,Luke Weaver,ARI,62.0%,93.4,0,0,7.0%,87.0,0.9%,79.5,30.2%,85.0,0,0,0,0,0.9%
338,Vince Velasquez,PHI,54.9%,93.4,11.1%,85.4,0,0,18.3%,82.4,15.8%,89.0,0,0,0,0,0.4%
339,Brett Martin,TEX,52.3%,93.4,27.1%,88.0,0,0,20.5%,82.3,0,0,0,0,0,0,3.4%
340,Brandon Bielak,HOU,55.8%,93.4,19.8%,82.6,7.3%,89.6,7.8%,80.2,9.5%,87.4,0,0,0,0,0
341,Paul Fry,BAL,58.4%,93.4,41.4%,85.5,0,0,0,0,0.2%,92.0,0,0,0,0,0
342,Derek Law,MIN,28.2%,93.4,57.7%,86.7,0,0,10.1%,74.7,4.0%,87.2,0,0,0,0,0
343,Phil Bickford,- - -,74.4%,93.4,24.7%,83.6,0,0,0,0,0.9%,83.0,0,0,0,0,3.7%
344,Dylan Floro,MIA,60.3%,93.4,0.2%,86.0,9.4%,87.4,0,0,30.1%,86.0,0,0,0,0,0.8%
345,Freddy Peralta,MIL,53.8%,93.4,29.6%,80.3,0,0,7.5%,76.6,9.1%,87.8,0,0,0,0,0
346,Jonathan Stiever,CHW,60.0%,93.3,13.3%,82.0,0,0,0,0,26.7%,80.8,0,0,0,0,0
347,Spencer Patton,TEX,51.2%,93.3,39.3%,83.9,0,0,0,0,9.5%,85.6,0,0,0,0,0
348,Kyle Wright,ATL,44.9%,93.3,30.8%,87.0,0,0,11.5%,79.8,12.8%,86.8,0,0,0,0,0
349,Joe Musgrove,SDP,22.9%,93.3,30.1%,84.1,19.2%,90.3,19.6%,82.2,8.2%,87.0,0,0,0,0,0.2%
350,Hunter Wood,TEX,30.3%,93.3,0,0,28.8%,87.3,33.3%,76.7,7.6%,85.8,0,0,0,0,0
351,Sal Romano,CIN,62.8%,93.3,36.3%,87.7,0,0,0.9%,81.0,0,0,0,0,0,0,1.8%
352,Zach Thompson,MIA,40.2%,93.3,0,0,39.7%,88.6,20.1%,77.6,0,0,0,0,0,0,0
353,Chris Bassitt,OAK,57.1%,93.3,8.8%,75.1,18.4%,89.1,6.4%,71.6,9.3%,85.6,0,0,0,0,0.1%
354,Michael Wacha,TBR,37.2%,93.3,0,0,34.8%,89.1,3.2%,75.3,24.8%,87.0,0,0,0,0,0
355,Luis Garcia,HOU,47.0%,93.3,13.9%,79.5,20.6%,86.0,8.5%,75.7,9.9%,83.0,0,0,0,0,0.3%
356,Carson Fulmer,CIN,40.4%,93.2,0,0,23.9%,86.7,20.8%,82.2,15.0%,86.9,0,0,0,0,0
357,Cole Sulser,BAL,54.6%,93.2,10.8%,86.5,0,0,2.1%,78.1,32.6%,83.6,0,0,0,0,0
358,Justin Wilson,NYY,65.1%,93.2,4.3%,80.7,30.6%,89.5,0,0,0,0,0,0,0,0,0
359,Luis Cessa,NYY,29.5%,93.2,62.3%,82.8,0,0,0,0,8.1%,87.7,0,0,0,0,0.9%
360,Bryse Wilson,ATL,60.9%,93.2,11.0%,85.8,0,0,5.7%,76.2,22.4%,87.3,0,0,0,0,0.5%
361,J.B. Wendelken,OAK,67.8%,93.2,25.5%,83.5,0,0,0,0,6.7%,85.1,0,0,0,0,0
362,Evan Marshall,CHW,37.3%,93.2,0,0,0,0,27.8%,82.5,34.9%,88.4,0,0,0,0,1.0%
363,Alex Vesia,LAD,79.8%,93.2,10.1%,82.8,0,0,0,0,10.1%,85.8,0,0,0,0,2.0%
364,Trent Thornton,TOR,38.5%,93.2,0.2%,81.0,25.9%,89.9,27.2%,80.0,8.2%,84.5,0,0,0,0,0.7%
365,Archie Bradley,PHI,63.3%,93.1,0,0,0,0,18.3%,78.5,18.3%,85.4,0,0,0,0,1.6%
366,Jaime Barria,LAA,40.0%,93.1,53.9%,84.9,0,0,0,0,6.1%,85.1,0,0,0,0,0
367,Jarlin Garcia,SFG,50.9%,93.1,31.0%,82.6,0,0,0,0,18.1%,85.3,0,0,0,0,0.5%
368,David Price,LAD,52.8%,93.1,0,0,17.3%,89.7,2.8%,77.1,27.1%,85.9,0,0,0,0,1.0%
369,Matt Peacock,ARI,70.2%,93.1,21.0%,86.9,0,0,0,0,8.8%,86.6,0,0,0,0,1.1%
370,Kodi Whitley,STL,56.7%,93.1,13.9%,83.5,0,0,0,0,29.4%,83.9,0,0,0,0,0
371,Daniel Ponce de Leon,STL,75.6%,93.1,0,0,8.5%,89.7,5.1%,77.1,10.8%,86.4,0,0,0,0,0.8%
372,JT Brubaker,PIT,47.9%,93.1,37.3%,87.0,0,0,8.2%,79.6,6.5%,87.1,0,0,0,0,0
373,Cristian Javier,HOU,58.9%,93.1,25.5%,81.4,0,0,8.0%,76.2,7.6%,86.3,0,0,0,0,0.4%
374,Richard Rodriguez,PIT,87.8%,93.1,12.2%,81.6,0,0,0,0,0,0,0,0,0,0,0
375,Jose De Leon,CIN,62.8%,93.1,14.7%,79.1,0,0,0,0,22.5%,84.3,0,0,0,0,0
376,Drew Steckenrider,SEA,60.8%,93.1,26.4%,80.5,0,0,0,0,12.7%,87.4,0,0,0,0,0
377,Angel Rondon,STL,48.3%,93.1,24.1%,81.1,0,0,3.4%,75.0,24.1%,83.0,0,0,0,0,0
378,Taylor Widener,ARI,63.8%,93.0,15.8%,85.1,0,0,0,0,20.4%,86.7,0,0,0,0,1.0%
379,Jesse Biddle,ATL,53.2%,93.0,16.7%,83.1,0,0,30.1%,78.1,0,0,0,0,0,0,0
380,Mac Sceroler,BAL,53.7%,93.0,11.7%,83.7,0,0,12.3%,78.3,0,0,22.2%,81.9,0,0,0
381,Caleb Baragar,SFG,82.1%,93.0,17.2%,83.1,0,0,0.7%,78.5,0,0,0,0,0,0,2.7%
382,Sonny Gray,CIN,51.1%,93.0,16.4%,82.7,0,0,26.8%,80.0,5.8%,89.2,0,0,0,0,0.5%
383,Carlos Martinez,STL,41.3%,93.0,16.4%,83.1,20.6%,90.9,8.2%,81.4,13.5%,85.1,0,0,0,0,0.4%
384,Will Smith,ATL,51.0%,93.0,38.7%,82.2,0,0,10.3%,77.8,0,0,0,0,0,0,0
385,Justin Miller,WSN,83.3%,93.0,16.7%,83.0,0,0,0,0,0,0,0,0,0,0,0
386,Casey Sadler,SEA,21.5%,93.0,42.5%,87.8,0,0,36.0%,79.8,0,0,0,0,0,0,0
387,Tucker Davidson,ATL,49.8%,93.0,40.3%,86.9,0,0,9.2%,78.8,0.7%,85.5,0,0,0,0,0
388,Kyle Nelson,CLE,15.0%,93.0,45.8%,82.4,39.2%,89.1,0,0,0,0,0,0,0,0,0
389,Brad Hand,WSN,55.6%,93.0,44.4%,80.3,0,0,0,0,0,0,0,0,0,0,2.4%
390,Edwin Uceta,LAD,47.5%,93.0,0,0,0,0,11.3%,79.9,41.3%,87.7,0,0,0,0,0
391,Aaron Loup,NYM,42.0%,93.0,10.5%,75.6,37.9%,85.1,0,0,9.6%,79.6,0,0,0,0,0
392,Shane Greene,ATL,48.6%,93.0,28.6%,81.6,18.6%,87.4,0,0,4.3%,85.3,0,0,0,0,0
393,Vladimir Gutierrez,CIN,49.3%,93.0,20.3%,83.1,0,0,24.0%,76.9,6.3%,78.6,0,0,0,0,0
394,Cam Bedrosian,- - -,53.2%,92.9,34.4%,81.7,0,0,0,0,0,0,12.4%,85.2,0,0,0
395,Riley Smith,ARI,57.7%,92.9,15.7%,83.7,0,0,9.7%,79.4,16.8%,86.5,0,0,0,0,1.0%
396,Ervin Santana,KCR,49.1%,92.9,48.0%,83.6,0,0,0,0,2.9%,85.5,0,0,0,0,0
397,Sam Long,SFG,40.8%,92.9,0,0,2.8%,86.0,39.4%,75.3,17.0%,80.7,0,0,0,0,0
398,Nick Wittgren,CLE,60.9%,92.9,12.9%,85.2,0,0,0,0,26.1%,86.1,0,0,0,0,1.1%
399,Zack Britton,NYY,95.7%,92.9,4.3%,80.0,0,0,0,0,0,0,0,0,0,0,0
400,Shane Bieber,CLE,35.0%,92.9,25.6%,85.9,2.8%,88.5,31.9%,83.2,4.7%,87.6,0,0,0,0,0
401,Greg Holland,KCR,42.1%,92.9,45.2%,85.0,0,0,12.5%,78.3,0.2%,85.0,0,0,0,0,0
402,John Means,BAL,51.5%,92.9,7.2%,86.2,0,0,13.0%,77.7,28.3%,83.4,0,0,0,0,0
403,Sean Doolittle,CIN,90.6%,92.8,9.4%,79.7,0,0,0,0,0,0,0,0,0,0,1.8%
404,Shaun Anderson,MIN,44.0%,92.8,54.8%,86.7,0,0,0,0,1.2%,86.0,0,0,0,0,0
405,Wyatt Mills,SEA,75.0%,92.8,25.0%,83.1,0,0,0,0,0,0,0,0,0,0,0
406,Cody Reed,TBR,62.2%,92.8,35.8%,87.4,1.4%,90.0,0,0,0.7%,90.0,0,0,0,0,0
407,James Kaprielian,OAK,56.9%,92.8,20.3%,84.9,0,0,6.6%,79.1,16.1%,84.5,0,0,0,0,0
408,Chris Stratton,PIT,48.6%,92.8,14.7%,85.4,0,0,23.8%,80.2,12.9%,86.4,0,0,0,0,0
409,Kyle Gibson,TEX,46.7%,92.8,17.7%,83.4,13.2%,89.3,8.4%,79.3,14.0%,85.3,0,0,0,0,0
410,Andrew Chafin,CHC,69.0%,92.8,30.8%,82.8,0,0,0,0,0.2%,85.0,0,0,0,0,0.9%
411,Kyle Crick,PIT,40.1%,92.8,59.2%,79.0,0,0,0,0,0.7%,86.5,0,0,0,0,0
412,Ranger Suarez,PHI,64.0%,92.8,6.6%,83.8,0,0,0,0,29.4%,84.0,0,0,0,0,0
413,Jordan Montgomery,NYY,37.7%,92.8,0,0,14.2%,88.0,24.1%,80.0,24.0%,83.0,0,0,0,0,0
414,Brandon Brennan,BOS,61.9%,92.8,2.4%,84.0,0,0,0,0,35.7%,81.9,0,0,0,0,0
415,Jordan Lyles,TEX,44.2%,92.8,24.5%,84.8,0,0,22.8%,80.1,8.4%,86.4,0,0,0,0,0
416,David Hale,PHI,55.9%,92.8,20.2%,82.7,0,0,0,0,23.9%,82.7,0,0,0,0,0.9%
417,Chase De Jong,PIT,51.4%,92.7,18.3%,85.4,0,0,26.0%,78.0,4.3%,86.1,0,0,0,0,2.4%
418,Daniel Camarena,SDP,59.6%,92.7,21.2%,85.0,0,0,13.5%,78.4,5.8%,86.3,0,0,0,0,0
419,Jose Suarez,LAA,48.3%,92.7,0,0,0,0,20.1%,77.7,31.6%,82.1,0,0,0,0,0
420,Ljay Newsome,SEA,58.0%,92.7,0,0,0,0,18.5%,77.8,23.6%,86.2,0,0,0,0,1.4%
421,Joakim Soria,ARI,56.8%,92.7,25.6%,77.6,0,0,5.2%,70.2,0,0,12.4%,87.7,0,0,0
422,Zach Eflin,PHI,53.5%,92.7,13.8%,87.0,11.7%,88.6,10.4%,77.6,10.6%,85.3,0,0,0,0,0.6%
423,Sam Clay,WSN,66.0%,92.7,27.2%,84.9,0,0,0,0,6.7%,87.2,0,0,0,0,1.1%
424,Austin Brice,BOS,57.4%,92.7,39.6%,81.9,0,0,0,0,3.0%,88.6,0,0,0,0,0
425,Logan Webb,SFG,45.7%,92.6,23.9%,82.1,1.8%,91.0,0,0,28.6%,85.7,0,0,0,0,0
426,Dean Kremer,BAL,56.4%,92.6,0,0,19.3%,87.0,16.6%,75.6,7.7%,82.9,0,0,0,0,0
427,Martin Perez,BOS,36.3%,92.6,0,0,30.9%,89.5,9.4%,78.6,23.4%,84.8,0,0,0,0,0.3%
428,Cody Ponce,PIT,43.7%,92.6,19.5%,83.5,13.8%,87.9,17.2%,78.3,5.7%,85.0,0,0,0,0,0
429,Eric Lauer,MIL,44.8%,92.6,13.9%,79.4,29.3%,90.0,0,0,12.0%,86.3,0,0,0,0,0
430,David Peterson,NYM,58.6%,92.6,24.3%,82.2,0,0,0.4%,73.3,16.7%,84.0,0,0,0,0,0
431,Alex McRae,CHW,57.1%,92.6,16.3%,84.4,0,0,0,0,26.5%,87.2,0,0,0,0,0
432,Brandon Waddell,- - -,45.2%,92.6,47.1%,86.3,0,0,0,0,7.7%,85.9,0,0,0,0,0
433,Chris Flexen,SEA,35.9%,92.6,29.8%,89.2,0,0,15.9%,76.6,18.3%,82.8,0,0,0,0,0
434,Alex Cobb,LAA,44.0%,92.5,0,0,0,0,16.4%,82.3,39.5%,87.5,0,0,0,0,0
435,Cory Abbott,CHC,62.3%,92.5,0,0,17.9%,87.6,12.3%,84.5,7.4%,87.1,0,0,0,0,0
436,Drew Smyly,ATL,53.2%,92.5,0,0,9.5%,88.4,37.3%,79.0,0,0,0,0,0,0,0.2%
437,Eduardo Rodriguez,BOS,48.3%,92.5,9.0%,82.3,18.1%,88.2,0,0,24.6%,86.5,0,0,0,0,0
438,Trevor Richards,- - -,53.4%,92.5,8.7%,82.9,4.3%,84.9,0,0,33.6%,84.7,0,0,0,0,0.5%
439,Wade Davis,KCR,46.3%,92.5,0,0,35.2%,88.7,18.1%,82.3,0.5%,83.5,0,0,0,0,0
440,Logan Allen,CLE,48.0%,92.5,28.6%,81.6,0,0,4.9%,76.8,18.5%,82.1,0,0,0,0,0
441,Paul Campbell,MIA,52.0%,92.5,22.4%,87.2,0,0,22.0%,78.7,3.7%,85.0,0,0,0,0,0
442,Aaron Nola,PHI,49.2%,92.5,0,0,2.0%,86.6,26.7%,78.3,22.0%,84.8,0,0,0,0,0.3%
443,Jose Urquidy,HOU,54.1%,92.5,21.2%,79.0,0,0,6.1%,76.5,18.6%,84.1,0,0,0,0,0
444,Daniel Norris,DET,40.4%,92.4,29.6%,84.8,0,0,0,0,30.0%,86.9,0,0,0,0,0.4%
445,Scott Alexander,LAD,73.6%,92.4,18.4%,84.5,0,0,0,0,8.0%,85.8,0,0,0,0,0
446,Felix Pena,LAA,44.6%,92.4,0,0,0,0,33.8%,84.7,21.5%,84.8,0,0,0,0,0
447,Phillips Valdez,BOS,31.3%,92.4,7.7%,80.9,0,0,0,0,61.0%,85.2,0,0,0,0,1.0%
448,Tyler Duffey,MIN,46.0%,92.4,0,0,0,0,54.0%,82.6,0,0,0,0,0,0,0
449,Framber Valdez,HOU,59.6%,92.4,0,0,0,0,26.5%,79.0,13.9%,88.1,0,0,0,0,0
450,Ramon Rosso,PHI,71.4%,92.4,21.4%,84.3,0,0,0,0,7.1%,91.0,0,0,0,0,0
451,John King,TEX,57.5%,92.4,15.3%,79.7,8.7%,88.3,0,0,18.5%,78.2,0,0,0,0,0.7%
452,Marcus Stroman,NYM,45.7%,92.4,24.7%,86.0,13.2%,90.7,2.4%,80.9,14.0%,86.5,0,0,0,0,0.3%
453,Travis Bergen,TOR,87.2%,92.4,12.8%,82.0,0,0,0,0,0,0,0,0,0,0,0
454,Paul Sewald,SEA,53.2%,92.4,46.8%,81.5,0,0,0,0,0,0,0,0,0,0,1.3%
455,Chaz Roe,TBR,47.8%,92.4,52.2%,80.8,0,0,0,0,0,0,0,0,0,0,0
456,Ashton Goudeau,CIN,45.2%,92.3,0,0,0,0,31.0%,76.0,23.8%,84.5,0,0,0,0,7.1%
457,Ben Bowden,COL,70.6%,92.3,10.6%,79.9,0,0,0,0,18.8%,81.9,0,0,0,0,0
458,Junior Guerra,LAA,54.2%,92.3,0,0,0,0,25.1%,80.7,0,0,20.7%,84.2,0,0,0.7%
459,Jake Odorizzi,HOU,57.4%,92.3,9.6%,83.1,13.0%,87.9,3.6%,73.6,16.4%,84.7,0,0,0,0,0
460,Matt Andriese,BOS,44.9%,92.3,5.2%,86.1,0,0,12.9%,80.4,37.0%,86.2,0,0,0,0,0
461,Justus Sheffield,SEA,44.1%,92.3,32.4%,81.8,0,0,0,0,23.5%,85.8,0,0,0,0,0.4%
462,Deivi Garcia,NYY,41.2%,92.3,20.3%,81.7,0,0,19.0%,75.8,19.6%,82.4,0,0,0,0,0
463,Andrew Heaney,LAA,59.7%,92.3,21.1%,79.7,0,0,0,0,19.3%,84.0,0,0,0,0,0
464,Jhoulys Chacin,COL,50.0%,92.3,37.0%,81.1,8.7%,87.6,0,0,4.3%,83.7,0,0,0,0,0
465,Brady Lail,SEA,32.1%,92.2,28.6%,88.9,0,0,25.0%,82.4,14.3%,87.8,0,0,0,0,0
466,Bailey Falter,PHI,61.5%,92.2,0,0,25.6%,84.9,5.1%,77.3,7.7%,83.4,0,0,0,0,0
467,Jake Woodford,STL,58.2%,92.2,24.0%,82.9,0,0,15.4%,76.8,2.4%,85.7,0,0,0,0,0
468,Tommy Hunter,NYM,44.0%,92.2,0,0,42.2%,89.7,13.8%,83.2,0,0,0,0,0,0,0
469,Brad Wieck,CHC,83.6%,92.1,5.3%,85.0,0,0,11.1%,73.1,0,0,0,0,0,0,0
470,Nick Neidert,MIA,49.5%,92.1,30.4%,86.0,0,0,8.4%,75.0,11.7%,83.9,0,0,0,0,0
471,Scott Kazmir,SFG,63.7%,92.1,0,0,8.0%,85.1,0,0,28.3%,79.6,0,0,0,0,0
472,Johnny Cueto,SFG,49.4%,92.1,10.7%,82.6,15.4%,85.3,1.5%,79.0,23.0%,82.8,0,0,0,0,0
473,Ross Stripling,TOR,49.9%,92.1,17.1%,87.6,0,0,19.0%,78.2,14.0%,83.3,0,0,0,0,0.2%
474,Bailey Ober,MIN,57.6%,92.1,15.6%,79.9,0,0,8.2%,74.1,18.6%,84.8,0,0,0,0,0
475,Rony Garcia,DET,60.7%,92.1,1.8%,84.0,0,0,32.1%,81.3,5.4%,86.3,0,0,0,0,0
476,Griffin Jax,MIN,49.1%,92.0,24.0%,83.3,0,0,10.8%,80.0,16.2%,84.3,0,0,0,0,0
477,Luke Farrell,MIN,41.3%,92.0,49.6%,82.3,0,0,8.7%,78.9,0,0,0.4%,84.0,0,0,0
478,Jake Faria,ARI,57.8%,92.0,24.4%,84.5,0,0,0,0,17.8%,82.6,0,0,0,0,0
479,Aaron Slegers,LAA,59.8%,92.0,31.0%,86.5,0,0,0,0,9.2%,87.1,0,0,0,0,0.8%
480,Pedro Strop,CHC,37.8%,91.9,28.9%,81.5,33.3%,86.1,0,0,0,0,0,0,0,0,0
481,Brandon Kintzler,PHI,76.8%,91.9,11.3%,84.7,0,0,0,0,11.9%,86.5,0,0,0,0,2.4%
482,Chi Chi Gonzalez,COL,51.3%,91.9,31.9%,86.4,0,0,5.7%,82.0,11.1%,84.5,0,0,0,0,0.1%
483,Dellin Betances,NYM,57.1%,91.9,42.9%,80.8,0,0,0,0,0,0,0,0,0,0,0
484,Demarcus Evans,TEX,65.9%,91.9,12.1%,80.5,22.0%,87.3,0,0,0,0,0,0,0,0,0
485,Stephen Strasburg,WSN,53.9%,91.9,0,0,0,0,30.1%,79.4,16.0%,86.6,0,0,0,0,2.2%
486,Phil Maton,CLE,49.2%,91.9,19.7%,86.7,2.0%,90.3,29.1%,78.6,0,0,0,0,0,0,0
487,Tim Hill,SDP,77.8%,91.9,22.0%,85.4,0,0,0,0,0.2%,86.0,0,0,0,0,1.9%
488,Wes Benjamin,TEX,46.4%,91.9,27.6%,85.6,0,0,13.8%,78.8,12.3%,84.4,0,0,0,0,0
489,Matthew Boyd,DET,47.5%,91.9,22.3%,80.3,0,0,7.5%,73.5,22.7%,80.0,0,0,0,0,0
490,Craig Stammen,SDP,46.1%,91.9,0.3%,86.5,23.9%,88.8,29.1%,80.2,0.5%,86.0,0,0,0,0,0
491,Ross Detwiler,MIA,46.1%,91.8,35.8%,85.1,0,0,12.1%,77.6,5.9%,85.6,0,0,0,0,0
492,Austin Gomber,COL,39.9%,91.8,24.3%,85.2,0,0,17.8%,75.5,18.0%,83.2,0,0,0,0,0.4%
493,Mark Melancon,SDP,6.1%,91.8,0,0,55.9%,91.8,38.1%,82.2,0,0,0,0,0,0,1.7%
494,Kolby Allard,TEX,46.9%,91.8,0,0,29.2%,86.7,12.4%,76.7,11.5%,85.0,0,0,0,0,0
495,Matt Moore,PHI,58.5%,91.8,0,0,11.8%,88.9,15.6%,80.5,14.1%,83.2,0,0,0,0,1.2%
496,Alex Wood,SFG,46.6%,91.8,29.0%,84.5,0,0,0,0,24.4%,85.4,0,0,0,0,0.4%
497,Tony Watson,LAA,38.3%,91.8,23.7%,82.9,0,0,0,0,38.0%,85.5,0,0,0,0,1.1%
498,Ralph Garza,HOU,48.1%,91.8,17.7%,78.0,29.1%,89.8,3.8%,74.0,1.3%,81.0,0,0,0,0,5.1%
499,Randy Dobnak,MIN,60.1%,91.7,34.1%,84.3,0,0,0,0,5.8%,85.5,0,0,0,0,0
500,Chase Anderson,PHI,41.3%,91.7,0,0,22.3%,86.8,9.0%,77.2,27.4%,82.5,0,0,0,0,0.6%
501,Aaron Civale,CLE,35.2%,91.7,12.5%,83.4,24.1%,88.0,15.1%,77.1,0,0,13.2%,85.4,0,0,0
502,Sean Manaea,OAK,59.6%,91.7,14.6%,80.7,0,0,0,0,25.8%,84.3,0,0,0,0,0
503,Merrill Kelly,ARI,54.3%,91.7,0,0,9.6%,90.6,20.2%,81.2,15.9%,86.7,0,0,0,0,1.0%
504,Jay Flaa,- - -,68.9%,91.7,4.9%,82.0,0,0,3.3%,79.0,0,0,23.0%,84.4,0,0,0
505,Matt Wisler,- - -,9.3%,91.7,90.7%,82.2,0,0,0,0,0,0,0,0,0,0,0
506,Adam Plutko,BAL,43.1%,91.7,10.1%,83.5,39.1%,88.1,7.7%,77.2,0,0,0,0,0,0,0
507,Kent Emanuel,HOU,52.5%,91.6,28.3%,77.8,0,0,0,0,19.2%,84.1,0,0,0,0,0
508,Nivaldo Rodriguez,HOU,57.9%,91.6,0,0,17.5%,87.5,9.6%,80.8,14.9%,83.5,0,0,0,0,0
509,Chris Archer,TBR,40.4%,91.6,46.8%,86.8,0,0,0,0,12.8%,85.3,0,0,0,0,0
510,Matt Shoemaker,MIN,40.8%,91.6,27.2%,82.1,0,0,0,0,0,0,32.0%,85.2,0,0,0
511,Caleb Smith,ARI,48.2%,91.6,25.3%,84.7,0,0,8.1%,78.5,18.4%,82.0,0,0,0,0,0.4%
512,Keegan Akin,BAL,58.1%,91.6,16.8%,83.5,0,0,4.7%,77.0,20.4%,80.6,0,0,0,0,0
513,Kyle Freeland,COL,40.8%,91.6,23.6%,85.3,0,0,10.0%,78.6,25.6%,86.2,0,0,0,0,0
514,Bruce Zimmermann,BAL,42.4%,91.6,19.2%,86.2,0,0,13.1%,82.1,25.3%,84.6,0,0,0,0,0
515,Patrick Corbin,WSN,56.5%,91.6,36.6%,79.4,0.7%,86.0,0.5%,63.7,5.7%,80.4,0,0,0,0,0.2%
516,Chasen Shreve,PIT,45.5%,91.5,12.7%,81.0,0,0,0,0,0,0,41.8%,83.0,0,0,0
517,Aaron Fletcher,SEA,58.1%,91.5,16.3%,80.2,0,0,0,0,25.6%,78.4,0,0,0,0,0
518,Grant Dayton,ATL,65.2%,91.5,0,0,0,0,34.8%,77.3,0,0,0,0,0,0,1.6%
519,Alec Bettinger,MIL,64.2%,91.5,14.5%,86.8,0,0,16.2%,74.9,5.0%,82.0,0,0,0,0,0
520,Zac Lowther,BAL,61.5%,91.5,0,0,0,0,17.9%,78.0,20.5%,84.3,0,0,0,0,0
521,Trevor Williams,CHC,60.3%,91.4,19.1%,83.4,0,0,11.6%,77.8,9.0%,84.6,0,0,0,0,0
522,Chris Devenski,ARI,33.8%,91.4,12.4%,79.4,0,0,5.5%,74.0,48.3%,80.2,0,0,0,0,0
523,Triston McKenzie,CLE,63.0%,91.4,15.8%,86.4,0,0,17.8%,78.8,3.5%,86.3,0,0,0,0,0
524,Robert Dugger,SEA,42.8%,91.3,22.3%,80.6,0,0,31.9%,74.8,3.0%,83.2,0,0,0,0,0
525,Seth Frankoff,ARI,40.0%,91.3,0,0,30.4%,87.7,11.5%,78.4,18.1%,84.5,0,0,0,0,0
526,Dylan Bundy,LAA,47.8%,91.3,20.2%,80.8,0,0,15.0%,74.5,17.0%,83.6,0,0,0,0,0
527,Jose Quintana,LAA,56.8%,91.2,11.8%,79.0,0,0,15.5%,78.5,15.8%,86.7,0,0,0,0,0
528,Stephen Tarpley,NYM,60.0%,91.2,40.0%,79.8,0,0,0,0,0,0,0,0,0,0,0
529,Josh Fleming,TBR,45.0%,91.2,0,0,27.7%,86.2,5.1%,78.4,22.2%,82.0,0,0,0,0,0.4%
530,Kohl Stewart,CHC,40.7%,91.2,40.7%,87.1,3.7%,89.0,3.7%,76.9,11.1%,87.7,0,0,0,0,0
531,Jon Duplantier,ARI,61.5%,91.2,16.7%,84.3,0,0,13.0%,78.9,8.9%,83.9,0,0,0,0,0
532,Madison Bumgarner,ARI,36.3%,91.1,36.4%,86.4,0,0,23.4%,79.0,3.9%,84.2,0,0,0,0,0.4%
533,Jake Arrieta,CHC,55.0%,91.1,0,0,22.6%,87.8,16.4%,80.2,6.0%,86.4,0,0,0,0,0.5%
534,Joe Mantiply,ARI,55.6%,91.1,28.6%,80.4,0,0,0,0,15.7%,83.3,0,0,0,0,0
535,Kyle McGowin,WSN,29.2%,91.1,70.8%,81.4,0,0,0,0,0,0,0,0,0,0,1.5%
536,Blake Parker,CLE,43.0%,91.1,0,0,0,0,14.0%,75.3,0,0,43.0%,79.0,0,0,0
537,Brandon Workman,- - -,42.3%,91.1,0,0,7.4%,86.6,50.3%,78.5,0,0,0,0,0,0,0
538,Jakob Junis,KCR,29.9%,91.1,40.3%,83.1,27.0%,89.6,0,0,2.9%,85.3,0,0,0,0,0
539,Ryan Thompson,TBR,54.9%,91.1,38.0%,78.2,5.5%,81.2,0,0,1.6%,81.0,0,0,0,0,1.8%
540,Joey Lucchesi,NYM,59.0%,91.1,0,0,4.3%,91.0,0,0,35.3%,78.6,1.4%,81.7,0,0,0
541,Sam Selman,SFG,49.7%,91.0,50.3%,80.2,0,0,0,0,0,0,0,0,0,0,0
542,Michael Pineda,MIN,53.6%,91.0,31.9%,81.8,0,0,0,0,14.5%,85.6,0,0,0,0,0
543,Shawn Morimando,MIA,59.1%,91.0,0,0,31.8%,88.1,4.5%,74.0,4.5%,84.0,0,0,0,0,0
544,Kohei Arihara,TEX,46.0%,91.0,17.4%,82.3,13.4%,87.4,2.4%,74.1,11.0%,82.1,9.9%,83.0,0,0,0
545,John Gant,STL,50.1%,91.0,15.4%,83.1,4.7%,86.1,8.0%,74.5,21.7%,79.9,0,0,0,0,0.3%
546,Deolis Guerra,OAK,47.0%,91.0,0,0,16.3%,84.9,7.6%,77.5,29.1%,81.9,0,0,0,0,0
547,Jose Alvarez,SFG,54.2%,91.0,13.6%,81.5,5.0%,86.4,0,0,27.2%,81.3,0,0,0,0,0
548,Conner Menez,SFG,34.0%,91.0,59.1%,82.8,0,0,6.9%,79.2,0,0,0,0,0,0,0
549,Brooks Raley,HOU,21.1%,90.9,24.1%,82.4,38.4%,87.9,11.4%,79.0,5.0%,85.8,0,0,0,0,0
550,Stefan Crichton,ARI,69.6%,90.9,26.8%,77.7,0,0,0,0,3.6%,87.4,0,0,0,0,3.6%
551,James Hoyt,LAA,35.5%,90.9,63.6%,83.5,0,0,0,0,0,0,0.9%,87.0,0,0,0
552,Mike Minor,KCR,40.2%,90.9,22.8%,85.8,0,0,15.8%,80.4,21.2%,85.1,0,0,0,0,0
553,Tyler Alexander,DET,36.5%,90.9,14.7%,83.9,33.8%,86.9,0,0,15.0%,84.3,0,0,0,0,0
554,Miguel Yajure,PIT,27.4%,90.8,13.7%,79.7,24.8%,86.8,7.7%,77.9,26.5%,87.7,0,0,0,0,0
555,Zack Godley,MIL,20.5%,90.8,0,0,40.9%,88.5,37.5%,82.5,1.1%,84.0,0,0,0,0,0
556,Kenta Maeda,MIN,29.0%,90.8,40.2%,82.6,0,0,4.0%,77.1,26.8%,84.5,0,0,0,0,0
557,Corey Kluber,NYY,30.4%,90.8,0,0,27.8%,87.8,27.6%,82.0,14.2%,84.9,0,0,0,0,0
558,Collin McHugh,TBR,16.0%,90.8,51.4%,79.6,28.8%,87.3,3.7%,74.1,0.2%,86.0,0,0,0,0,0.9%
559,Clayton Kershaw,LAD,37.7%,90.8,47.3%,87.3,0,0,15.0%,74.5,0,0,0,0,0,0,0
560,Braxton Garrett,MIA,48.0%,90.7,29.3%,83.1,0,0,15.7%,76.8,7.1%,84.9,0,0,0,0,0
561,Ryan Sherriff,TBR,54.7%,90.7,45.3%,80.3,0,0,0,0,0,0,0,0,0,0,0
562,Ryan Buchter,ARI,55.8%,90.7,0,0,10.4%,86.4,33.7%,76.5,0,0,0,0,0,0,2.5%
563,Tyler Webb,STL,67.9%,90.7,13.5%,74.7,0,0,0,0,18.6%,79.7,0,0,0,0,1.0%
564,Cole Irvin,OAK,60.7%,90.7,13.5%,82.9,0,0,2.5%,76.4,23.2%,83.9,0,0,0,0,0
565,Caleb Thielbar,MIN,50.9%,90.7,37.0%,79.5,0,0,12.1%,70.6,0,0,0,0,0,0,0.4%
566,Tanner Roark,TOR,40.5%,90.7,0,0,22.1%,86.2,22.1%,73.1,15.3%,82.0,0,0,0,0,0
567,Elieser Hernandez,MIA,61.8%,90.7,36.3%,79.9,0,0,0,0,2.0%,83.0,0,0,0,0,0
568,Cody Stashak,MIN,45.5%,90.6,52.3%,82.5,0,0,0,0,2.3%,86.0,0,0,0,0,0
569,Hector Santiago,SEA,60.0%,90.6,11.2%,82.6,0,0,0,0,28.8%,81.9,0,0,0,0,0
570,Dane Dunning,TEX,54.5%,90.5,21.1%,80.0,7.1%,85.4,4.0%,78.5,13.4%,84.5,0,0,0,0,0
571,Jordan Yamamoto,NYM,35.1%,90.4,22.5%,79.4,27.0%,86.9,5.4%,74.2,9.9%,84.7,0,0,0,0,0
572,Josh Lindblom,MIL,42.1%,90.4,12.6%,76.0,16.7%,85.9,12.0%,73.4,11.7%,84.2,5.0%,83.9,0,0,0
573,Kris Bubic,KCR,52.3%,90.4,0,0,0,0,11.5%,78.6,36.3%,79.7,0,0,0,0,0
574,J.A. Happ,MIN,68.3%,90.4,14.3%,83.2,0,0,6.4%,80.1,0,0,11.0%,86.8,0,0,0
575,Nestor Cortes,NYY,40.7%,90.2,28.5%,82.6,0,0,15.0%,77.3,15.9%,81.9,0,0,0,0,0
576,Julio Teheran,DET,63.3%,90.2,30.0%,82.0,0,0,0,0,6.7%,81.2,0,0,0,0,0
577,Miles Mikolas,STL,52.5%,90.2,28.8%,84.8,0,0,16.9%,74.1,1.7%,83.0,0,0,0,0,0
578,Daniel Castano,MIA,49.8%,90.2,36.8%,80.4,0,0,0,0,13.3%,81.4,0,0,0,0,0
579,Tyler Ivey,HOU,50.6%,90.1,19.0%,79.8,0,0,16.5%,71.6,13.9%,82.1,0,0,0,0,0
580,Ryan Castellani,COL,16.9%,90.1,43.1%,83.1,0,0,6.2%,78.0,33.8%,87.8,0,0,0,0,0
581,Humberto Castellanos,ARI,56.1%,90.1,29.5%,76.6,1.4%,86.0,1.4%,73.5,11.5%,83.4,0,0,0,0,0
582,Alex Young,ARI,42.1%,90.1,0,0,19.6%,85.6,18.4%,82.6,19.9%,85.5,0,0,0,0,1.9%
583,Bernardo Flores Jr.,STL,8.3%,90.0,0,0,0,0,25.0%,71.0,66.7%,85.5,0,0,0,0,0
584,Chris Mazza,TBR,30.6%,90.0,23.7%,80.5,45.2%,87.7,0,0,0.5%,86.0,0,0,0,0,2.2%
585,Aaron Sanchez,SFG,43.2%,89.9,0,0,0,0,32.2%,74.1,24.7%,83.6,0,0,0,0,0
586,Tyler Anderson,PIT,46.1%,89.9,0,0,28.0%,84.5,1.4%,74.8,24.5%,80.5,0,0,0,0,0
587,Trevor Cahill,PIT,36.2%,89.8,18.2%,85.2,0,0,21.7%,78.7,23.9%,82.3,0,0,0,0,0
588,Wade Miley,CIN,18.1%,89.8,1.2%,80.6,48.8%,85.4,4.5%,75.3,27.4%,81.6,0,0,0,0,0
589,Charlie Culberson,TEX,100.0%,89.8,0,0,0,0,0,0,0,0,0,0,0,0,0
590,Daniel Zamora,SEA,21.5%,89.7,78.5%,77.2,0,0,0,0,0,0,0,0,0,0,0
591,Hyeon-jong Yang,TEX,46.0%,89.7,22.8%,80.1,0,0,3.5%,71.4,27.7%,81.2,0,0,0,0,0
592,Steve Cishek,LAA,57.6%,89.7,42.0%,77.1,0,0,0,0,0.3%,83.0,0,0,0,0,2.7%
593,Adam Wainwright,STL,37.3%,89.7,0,0,23.0%,85.3,34.3%,73.7,5.5%,83.5,0,0,0,0,0.6%
594,Nick Ramirez,SDP,25.5%,89.6,13.0%,84.2,20.5%,87.7,1.2%,78.5,39.8%,79.1,0,0,0,0,3.1%
595,Nick Margevicius,SEA,71.8%,89.6,7.3%,83.8,0,0,17.8%,71.9,0,0,3.1%,81.3,0,0,0
596,Richard Bleier,MIA,58.3%,89.6,12.3%,78.9,28.8%,86.7,0,0,0.6%,83.0,0,0,0,0,0
597,Alec Mills,CHC,62.0%,89.5,13.2%,77.3,0,0,11.9%,65.9,13.0%,79.6,0,0,0,0,0.2%
598,Lewis Thorpe,MIN,44.1%,89.5,35.2%,84.1,0,0,5.6%,72.4,15.0%,82.4,0,0,0,0,0
599,Jordan Zimmermann,MIL,39.0%,89.5,42.7%,85.6,0,0,7.3%,80.5,0,0,11.0%,85.4,0,0,0
600,Brett Anderson,MIL,49.8%,89.4,12.2%,81.6,7.4%,86.4,10.5%,76.6,20.0%,82.6,0,0,0,0,0
601,Hyun-Jin Ryu,TOR,33.0%,89.3,3.5%,82.7,23.0%,85.7,12.5%,73.1,28.0%,78.9,0,0,0,0,0
602,Luis Madero,MIA,45.2%,89.3,50.0%,81.1,0,0,0,0,4.8%,85.3,0,0,0,0,0
603,Luis Avilan,WSN,43.5%,89.3,0,0,0,0,6.5%,75.9,50.0%,83.5,0,0,0,0,0
604,Oliver Perez,CLE,67.9%,89.2,32.1%,76.0,0,0,0,0,0,0,0,0,0,0,7.1%
605,Nabil Crismatt,SDP,24.4%,89.2,0,0,0,0,26.9%,71.1,48.7%,82.1,0,0,0,0,1.2%
606,Paolo Espino,WSN,59.8%,89.2,16.3%,77.7,0,0,21.8%,70.7,2.1%,84.1,0,0,0,0,0
607,Elijah Morgan,CLE,56.1%,89.1,0,0,15.2%,84.3,7.6%,75.4,21.2%,74.8,0,0,0,0,0
608,Kwang-hyun Kim,STL,44.5%,89.0,32.1%,83.7,0,0,12.5%,70.0,0,0,10.9%,81.1,0,0,0
609,Josh Tomlin,ATL,21.3%,89.0,0,0,49.5%,86.0,27.4%,76.7,1.8%,84.8,0,0,0,0,0
610,Noe Ramirez,- - -,41.7%,89.0,22.2%,77.9,0,0,0,0,36.1%,84.9,0,0,0,0,0
611,Trevor Hildenberger,NYM,46.6%,89.0,36.2%,77.7,0,0,0,0,17.2%,78.6,0,0,0,0,0
612,Hoby Milner,MIL,61.6%,89.0,37.2%,79.1,0,0,0,0,1.2%,81.5,0,0,0,0,0
613,Zack Greinke,HOU,49.0%,88.9,9.8%,83.0,0,0,19.4%,71.0,21.8%,86.4,0,0,0,0,0
614,Ryan Weber,BOS,63.2%,88.7,21.1%,78.2,3.2%,86.0,8.4%,74.6,4.2%,81.3,0,0,0,0,0
615,Lucas Luetge,NYY,61.1%,88.7,26.4%,82.1,0,0,12.5%,75.1,0,0,0,0,0,0,0.2%
616,Adam Kolarek,OAK,71.1%,88.6,10.5%,76.1,0,0,0,0,18.4%,82.1,0,0,0,0,0
617,Jon Lester,WSN,40.7%,88.6,0,0,32.9%,87.0,7.3%,72.5,19.1%,81.7,0,0,0,0,0.4%
618,Rich Hill,TBR,49.4%,88.5,4.3%,70.2,5.1%,83.9,39.5%,72.5,0,0,1.6%,79.5,0,0,0
619,Thomas Eshelman,BAL,50.9%,88.4,29.8%,78.9,0,0,5.3%,76.3,14.0%,81.8,0,0,0,0,0
620,Andrew Miller,STL,29.6%,88.3,70.4%,78.2,0,0,0,0,0,0,0,0,0,0,1.7%
621,Marco Gonzales,SEA,49.4%,88.3,0,0,12.2%,85.3,19.6%,74.6,18.8%,79.5,0,0,0,0,0.4%
622,Mike Kickham,LAD,8.9%,88.3,82.2%,82.6,0,0,8.9%,77.3,0,0,0,0,0,0,0
623,Kyle Ryan,CHC,98.3%,88.1,0,0,1.7%,87.0,0,0,0,0,0,0,0,0,0
624,Aaron Northcraft,SDP,72.9%,88.1,13.2%,81.0,0,0,0,0,14.0%,80.6,0,0,0,0,0
625,Wade LeBlanc,- - -,42.7%,88.0,0,0,23.8%,85.3,9.8%,74.4,23.8%,80.7,0,0,0,0,0
626,Nick Tropeano,SFG,55.4%,87.9,0,0,0,0,39.8%,78.7,3.6%,80.3,1.2%,80.0,0,0,0
627,Alex Blandino,CIN,70.8%,87.8,0,0,0,0,2.8%,73.0,9.7%,79.9,0,0,16.7%,70.8,0
628,Zach Davies,CHC,52.5%,87.7,0,0,5.6%,86.2,8.6%,73.9,33.4%,78.1,0,0,0,0,0
629,Brent Suter,MIL,71.6%,87.7,11.2%,80.0,0,0,6.8%,75.8,10.2%,84.4,0,0,0.2%,88.0,1.3%
630,Dallas Keuchel,CHW,37.8%,87.6,6.4%,76.9,23.9%,85.3,0,0,31.9%,79.4,0,0,0,0,0
631,Jake Cronenworth,SDP,100.0%,87.6,0,0,0,0,0,0,0,0,0,0,0,0,0
632,Ryne Harper,WSN,30.4%,87.5,0,0,0,0,69.6%,73.0,0,0,0,0,0,0,0
633,Yusmeiro Petit,OAK,46.8%,87.4,0,0,27.0%,84.2,11.0%,73.6,15.2%,80.3,0,0,0,0,0.2%
634,Marwin Gonzalez,BOS,27.3%,87.3,9.1%,72.0,0,0,63.6%,46.2,0,0,0,0,0,0,0
635,Kyle Hendricks,CHC,60.4%,87.0,0,0,0,0,14.5%,73.2,25.1%,79.8,0,0,0,0,0.3%
636,Mike Fiers,OAK,55.3%,87.0,0,0,25.7%,83.4,7.9%,71.6,0,0,11.2%,81.5,0,0,0
637,Eric Yardley,MIL,73.0%,87.0,20.6%,73.0,0,0,0,0,6.3%,79.1,0,0,0,0,1.0%
638,Adam Cimber,MIA,66.4%,86.9,33.6%,78.4,0,0,0,0,0,0,0,0,0,0,2.2%
639,Ryan Yarbrough,TBR,12.0%,86.6,18.4%,71.0,41.4%,82.7,0,0,28.3%,78.9,0,0,0,0,0.3%
640,Joe Smith,HOU,59.1%,86.5,37.1%,77.5,0,0,0,0,3.8%,77.4,0,0,0,0,0
641,Devin Smeltzer,MIN,40.4%,85.6,7.7%,78.0,0,0,1.9%,73.0,50.0%,79.0,0,0,0,0,0
642,Darren O'Day,NYY,48.4%,85.5,51.6%,78.6,0,0,0,0,0,0,0,0,0,0,0
643,Alex Claudio,LAA,47.6%,85.3,27.5%,75.5,0,0,0,0,24.9%,72.6,0,0,0,0,0
644,Sergio Romo,OAK,37.2%,85.2,52.6%,76.2,0,0,0,0,10.2%,79.6,0,0,0,0,2.0%
645,Cesar Valdez,BAL,18.4%,85.0,5.0%,77.1,0,0,0,0,76.6%,78.0,0,0,0,0,0.9%
646,Tommy Milone,TOR,31.1%,84.3,10.0%,77.9,0,0,15.8%,73.0,43.2%,76.5,0,0,0,0,0
647,Wilmer Difo,PIT,97.5%,83.7,0,0,0,0,2.5%,77.0,0,0,0,0,0,0,0
648,Tyler Rogers,SFG,61.8%,82.3,38.2%,71.4,0,0,0,0,0,0,0,0,0,0,0
649,Sandy Leon,MIA,100.0%,81.7,0,0,0,0,0,0,0,0,0,0,0,0,0
650,Ben Rowen,LAA,48.5%,80.2,51.5%,71.5,0,0,0,0,0,0,0,0,0,0,0
651,Phillip Evans,PIT,100.0%,79.0,0,0,0,0,0,0,0,0,0,0,0,0,0
652,Yermin Mercedes,CHW,93.8%,77.4,6.3%,66.5,0,0,0,0,0,0,0,0,0,0,0
653,Matt Carpenter,STL,15.4%,76.8,0,0,0,0,3.8%,53.0,3.8%,79.0,0,0,76.9%,57.2,0
654,Matt Duffy,CHC,100.0%,76.6,0,0,0,0,0,0,0,0,0,0,0,0,0
655,Christian Arroyo,BOS,100.0%,76.4,0,0,0,0,0,0,0,0,0,0,0,0,0
656,Andy Burns,LAD,100.0%,76.0,0,0,0,0,0,0,0,0,0,0,0,0,0
657,Darin Ruf,SFG,100.0%,75.2,0,0,0,0,0,0,0,0,0,0,0,0,0
658,Josh Fuentes,COL,100.0%,75.0,0,0,0,0,0,0,0,0,0,0,0,0,0
659,Jake Rogers,DET,100.0%,74.0,0,0,0,0,0,0,0,0,0,0,0,0,0
660,Harold Castro,DET,94.4%,73.3,0,0,0,0,5.6%,52.0,0,0,0,0,0,0,0
661,Asdrubal Cabrera,ARI,94.1%,72.2,0,0,0,0,0,0,5.9%,58.0,0,0,0,0,0
662,Daniel Robertson,MIL,100.0%,70.8,0,0,0,0,0,0,0,0,0,0,0,0,0
663,Ka'ai Tom,OAK,100.0%,69.6,0,0,0,0,0,0,0,0,0,0,0,0,0
664,Anthony Rizzo,CHC,73.3%,69.2,0,0,0,0,26.7%,58.3,0,0,0,0,0,0,0
665,Luis Guillorme,NYM,100.0%,66.1,0,0,0,0,0,0,0,0,0,0,0,0,0
666,Pat Valaika,BAL,100.0%,66.0,0,0,0,0,0,0,0,0,0,0,0,0,0
667,Eric Sogard,CHC,100.0%,65.9,0,0,0,0,0,0,0,0,0,0,0,0,0
668,David Peralta,ARI,89.3%,65.3,0,0,0,0,10.7%,54.3,0,0,0,0,0,0,0
669,Hanser Alberto,KCR,100.0%,65.0,0,0,0,0,0,0,0,0,0,0,0,0,0
670,Hernan Perez,WSN,85.7%,64.3,0,0,0,0,7.1%,54.0,7.1%,46.0,0,0,0,0,12.5%
671,Max Schrock,CIN,85.7%,62.8,0,0,0,0,0,0,0,0,0,0,14.3%,60.0,0
672,Anthony Bemboom,LAA,100.0%,61.2,0,0,0,0,0,0,0,0,0,0,0,0,0
673,Jack Mayfield,SEA,100.0%,59.7,0,0,0,0,0,0,0,0,0,0,0,0,0
674,Mike Freeman,CIN,100.0%,59.3,0,0,0,0,0,0,0,0,0,0,0,0,0
675,Danny Mendick,CHW,6.7%,59.0,0,0,0,0,20.0%,40.7,0,0,0,0,73.3%,61.0,0
676,Willians Astudillo,MIN,61.3%,55.6,0,0,0,0,0,0,9.7%,81.0,0,0,29.0%,43.7,0
677,Wyatt Mathisen,ARI,100.0%,49.1,0,0,0,0,0,0,0,0,0,0,0,0,20.0%
678,Stevie Wilkerson,BAL,100.0%,45.7,0,0,0,0,0,0,0,0,0,0,0,0,0
679,Will Harris,WSN,0,0,0,0,80.7%,90.1,19.3%,79.8,0,0,0,0,0,0,0
680,Colten Brewer,BOS,0,0,23.3%,87.1,56.7%,94.0,20.0%,81.0,0,0,0,0,0,0,0
681,Wander Suero,WSN,0,0,0,0,81.5%,92.0,5.7%,78.5,12.8%,86.8,0,0,0,0,0
682,Andre Scrubb,HOU,0,0,4.8%,87.8,52.6%,93.8,42.6%,80.5,0,0,0,0,0,0,0
1 Page size: select  682 items in 1 pages,1 Page size: select  682 items in 1 pages,1 Page size: select  682 items in 1 pages,1 Page size: select  682 items in 1 pages,1 Page size: select  682 items in 1 pages,1 Page size: select  682 items in 1 pages,1 Page size: select  682 items in 1 pages,1 Page size: select  682 items in 1 pages,1 Page size: select  682 items in 1 pages,1 Page size: select  682 items in 1 pages,1 Page size: select  682 items in 1 pages,1 Page size: select  682 items in 1 pages,1 Page size: select  682 items in 1 pages,1 Page size: select  682 items in 1 pages,1 Page size: select  682 items in 1 pages,1 Page size: select  682 items in 1 pages,1 Page size: select  682 items in 1 pages,1 Page size: select  682 items in 1 pages
